file,Delay_samples,Delay_ms,Aligned_samples,SNR_dB,SSNR_dB,SI_SDR_dB,PESQ,STOI
p232_001.wav,0,0.0,27861,23.303840988489885,12.077252741884594,23.287879591810672,3.0220835208892822,0.8922630437771697
p232_002.wav,0,0.0,43444,23.027737203739065,15.612424336324093,23.051275024654373,3.2366724014282227,0.9734714075113141
p232_003.wav,0,0.0,114958,21.96956344936244,13.966356051403475,21.961071218797553,2.964033365249634,0.9725840104557067
p232_005.wav,0,0.0,99946,16.48808414927275,11.538062127556081,16.39416638188463,2.129610061645508,0.9151685368437916
p232_006.wav,0,0.0,81656,22.435496744798932,15.279595438622655,22.439663858240564,2.8658857345581055,0.9690041935302948
p232_007.wav,0,0.0,63295,18.51387145751529,12.58118604957303,18.45527734696557,2.818997383117676,0.959468065039894
p232_009.wav,0,0.0,66522,19.89206941640148,12.70231756435207,19.877034119130922,2.644747018814087,0.9681946084929485
p232_010.wav,0,0.0,44230,11.094850413038946,4.247427985833002,10.746099513640877,1.483612060546875,0.8746581841103493
p232_011.wav,0,0.0,104611,21.715600438929687,15.061986044599369,21.701064535627076,3.294067144393921,0.9644071563214177
p232_012.wav,0,0.0,69371,20.133923642284376,14.148573821842502,20.098570011689446,2.978405237197876,0.96388843117663
p232_013.wav,0,0.0,63095,16.75505096347817,10.592688183200226,16.666432704012273,2.67513108253479,0.9552077274972237
p232_014.wav,0,0.0,73870,17.143036599719238,11.513933380264707,17.07835730396348,2.330207109451294,0.9403498129055465
p232_015.wav,0,0.0,85119,26.043640624339275,19.569386068453014,26.06431787965709,3.8327364921569824,0.9892266011250621
p232_016.wav,0,0.0,89110,23.905903929805827,18.36533647710748,23.913562359639826,3.5454182624816895,0.9834167255069137
p232_017.wav,0,0.0,46229,23.849289576542088,14.993414678129422,23.849915492480225,3.0114991664886475,0.9872067373718963
p232_019.wav,0,0.0,107769,21.397473833938882,14.600472895968649,21.391407327624208,2.5064220428466797,0.9821937968409595
p232_020.wav,0,0.0,57867,23.2687951514947,14.808679775862789,23.298208390048615,3.253784656524658,0.970552194378819
p232_021.wav,0,0.0,136152,23.736146333555737,16.73921232931688,23.729955418142787,3.0665409564971924,0.9788779852869722
p232_022.wav,0,0.0,92704,20.321091663552426,15.053302975812544,20.29412849489677,2.7645726203918457,0.9806373521640885
p232_023.wav,0,0.0,156302,17.736538669540476,11.460536107519756,17.666426109199104,2.1382217407226562,0.9644681039005571
p232_024.wav,0,0.0,88327,25.790444044579974,20.17671085192411,25.82944414851398,4.059950351715088,0.9969010995249228
p232_025.wav,0,0.0,30011,24.046414830413518,13.70538478609349,24.05365256669547,2.744568109512329,0.9771977323661942
p232_027.wav,0,0.0,60339,23.792264290288514,17.318708861874523,23.7821404846841,3.4403586387634277,0.9872365446222438
p232_028.wav,0,0.0,33040,18.423602914963993,7.974772702992124,18.375775629687794,1.9708843231201172,0.8338006101460184
p232_029.wav,0,0.0,54645,20.85252450476487,12.401369369744007,20.821123426050665,2.8226048946380615,0.9884626420801818
p232_030.wav,0,0.0,61583,22.735111974129655,15.329145756846282,22.72350246403137,2.9666857719421387,0.9944259945719217
p232_031.wav,0,0.0,36645,19.836678421283402,9.561084819727634,19.800870687052576,1.976316213607788,0.8119123274661859
p232_032.wav,0,0.0,55841,11.578985701663086,7.347217791609261,11.279120182596543,1.6339257955551147,0.8849957554064013
p232_033.wav,0,0.0,23167,21.033852660564655,9.55336023254098,21.028302105667322,2.787705898284912,0.8288486481630184
p232_034.wav,0,0.0,23553,17.93151112990937,9.908802980727405,17.92601852617476,2.3379428386688232,0.8894548997667755
p232_035.wav,0,0.0,50536,18.636863166735587,12.516597743919876,18.585370361714254,2.9388349056243896,0.9828316531004334
p232_036.wav,0,0.0,45494,12.94756716765528,7.241936240473377,12.721912589540509,1.7421538829803467,0.8979632592694767
p232_037.wav,0,0.0,61696,26.1187630981902,18.252505332504732,26.136444659513707,3.7841925621032715,0.9987362237009438
p232_038.wav,0,0.0,33449,23.35372765586458,13.472995450371593,23.34214049731299,2.6895182132720947,0.9476780164725093
p232_039.wav,0,0.0,31040,19.699124955181574,7.4935674477478855,19.67278992095509,1.807361364364624,0.7883145702418564
p232_040.wav,0,0.0,30361,22.714952787176745,11.064356841138572,22.708944735929826,2.4571685791015625,0.9945480148228425
p232_041.wav,0,0.0,32119,22.74131410044266,11.912190646292503,22.737955690488647,2.2006466388702393,0.9282353750840587
p232_042.wav,0,0.0,40217,26.01663659210828,15.793041134002209,26.04032556170974,3.280264139175415,0.9985750198869636
p232_043.wav,0,0.0,31365,17.97577963453687,8.67748441149803,17.911000432938938,2.0677735805511475,0.8910149131391347
p232_044.wav,0,0.0,22133,14.865715465575718,5.786696501783194,14.730041692599729,1.4610501527786255,0.795398816560373
p232_045.wav,0,0.0,19801,24.13999312620004,11.746841570157644,24.13446180089045,3.5974316596984863,0.9587384951584725
p232_046.wav,0,0.0,22655,20.42255254234867,8.410871708236405,20.388663417934364,2.2526910305023193,0.8766584064746757
p232_047.wav,0,0.0,30824,19.41353192096567,10.389504891954816,19.379733845543598,2.344666004180908,0.9495082135061121
p232_048.wav,0,0.0,29116,18.282083322006557,7.492949210037212,18.259043752446217,2.0859735012054443,0.7107707658537202
p232_049.wav,0,0.0,47058,24.198129362737816,16.328743351365482,24.20760881256109,3.240189790725708,0.9970407462274518
p232_050.wav,0,0.0,27734,18.37634785537712,8.75081086379331,18.32238443591816,2.365614175796509,0.9285079689840133
p232_051.wav,0,0.0,23620,17.217850530076817,6.090258759652079,17.136163560169432,2.1199028491973877,0.9326465613023349
p232_052.wav,0,0.0,35184,11.764278407982367,5.955869964446911,11.468203705595108,1.673424482345581,0.866784730233841
p232_053.wav,0,0.0,26304,22.09499333132416,11.071153915525235,22.098277458558506,2.9491629600524902,0.9630898988562564
p232_054.wav,0,0.0,59300,19.227256770736783,11.85322067243078,19.178180362507856,3.1654391288757324,0.9863358267884217
p232_055.wav,0,0.0,24412,19.994075933784984,9.579976877462268,19.962140239445354,2.7868151664733887,0.8896182915343811
p232_056.wav,0,0.0,28842,12.02068940216635,5.377899261353226,11.744294616437752,1.883974313735962,0.8971535406849847
p232_057.wav,0,0.0,35772,24.693169543599176,14.881949027260804,24.713070198174982,3.3006479740142822,0.9741334351782284
p232_058.wav,0,0.0,62378,25.093408184416376,18.679758674872602,25.107613173509193,3.5102853775024414,0.9658061160661496
p232_059.wav,0,0.0,21127,20.136716664657705,8.200400203881385,20.112972784473033,2.09712815284729,0.8289780722968447
p232_060.wav,0,0.0,37440,20.021818130472045,10.01639647300882,19.9943576649273,2.672374725341797,0.8820996926848973
p232_061.wav,0,0.0,51978,24.00645128830393,15.60627011350162,24.000163932361282,3.317558765411377,0.995535787570979
p232_062.wav,0,0.0,47424,22.459373333006432,12.915546135359152,22.443827041397356,2.6218299865722656,0.9831338957272603
p232_063.wav,0,0.0,36220,20.29517193965893,9.30431022734969,20.268993706968427,2.0202534198760986,0.9906252566680558
p232_064.wav,0,0.0,32164,18.745220805796652,8.826322869713096,18.716414697607867,2.276320695877075,0.9850878700889557
p232_065.wav,0,0.0,24376,18.74292227730994,8.260932472702205,18.696188236631315,3.008180618286133,0.920279297294835
p232_066.wav,0,0.0,52433,23.293516219764392,15.901589957974863,23.285827197656094,3.211040735244751,0.9769615708700773
p232_067.wav,0,0.0,41875,23.66842853406141,14.447386179284289,23.65636559676393,3.1728262901306152,0.9499560029617156
p232_068.wav,0,0.0,40357,20.311110680373478,14.209579789116727,20.28379275316614,2.917362689971924,0.951186176344787
p232_069.wav,0,0.0,42702,23.86181239195679,15.636289604469853,23.855623940845664,2.982386589050293,0.9778161766343424
p232_070.wav,0,0.0,40702,19.846891603986105,12.270359837447291,19.86410051137542,2.8133327960968018,0.948596103056374
p232_071.wav,0,0.0,41418,17.26462309010883,9.062863368812103,17.19029947599494,1.960329532623291,0.9105920233071157
p232_072.wav,0,0.0,31799,12.588027548399046,6.469639978027737,12.377669093395905,1.9097018241882324,0.847057679397367
p232_073.wav,0,0.0,30533,22.11717128471518,9.244459044689377,22.093020884905492,3.0324885845184326,0.9981762329267376
p232_074.wav,0,0.0,35355,23.369988917710455,11.929690254232654,23.35803071607905,2.30401611328125,0.9317980234939807
p232_075.wav,0,0.0,37545,17.502931069929396,9.419484469033723,17.437672321096226,2.4936978816986084,0.9736916008561318
p232_076.wav,0,0.0,30830,13.183997108281053,6.10268397501173,12.978298572532482,1.6639056205749512,0.8669918532441229
p232_077.wav,0,0.0,27876,23.56822902677773,11.529103523542602,23.566648732472615,3.205970525741577,0.869458725101289
p232_078.wav,0,0.0,36170,25.43521520445878,14.707464028420512,25.430699431684886,3.357200860977173,0.9972124670881366
p232_079.wav,0,0.0,38310,23.084669521863766,14.121851262367603,23.08285708384234,3.11026930809021,0.9198534625125545
p232_080.wav,0,0.0,33280,19.261931135480392,5.52704694365042,19.210968088315155,1.5566387176513672,0.972393316926601
p232_081.wav,0,0.0,30163,23.313600358527815,15.239733439364635,23.30918473355853,2.983743190765381,0.9412269560389783
p232_082.wav,0,0.0,24950,18.218821577229367,8.496067305758816,18.15328700529047,1.8637645244598389,0.8634624659821912
p232_083.wav,0,0.0,26582,19.302931476967757,10.254261541176486,19.25996048531857,2.5010132789611816,0.9103467463414379
p232_084.wav,0,0.0,22250,17.329125320036074,7.688756095274059,17.367918421604266,1.6232960224151611,0.8961002248109551
p232_085.wav,0,0.0,33077,25.790743585623193,15.314971328838325,25.799864912081468,3.936897039413452,0.9967622780663283
p232_086.wav,0,0.0,31495,23.84180175271014,13.918676546795199,23.835415488529716,3.7114832401275635,0.9792752553555986
p232_087.wav,0,0.0,31651,23.927952502847127,13.74351312296667,23.9232176204715,3.097465991973877,0.9715314725493552
p232_088.wav,0,0.0,46778,20.91440721604297,14.044692086832908,20.900634329813556,2.3769571781158447,0.9351206616786026
p232_089.wav,0,0.0,35736,20.538960431176143,13.037543187575718,20.51515633829926,3.1572139263153076,0.9155702170586958
p232_090.wav,0,0.0,63090,20.61620771162891,12.188735812113595,20.59321716611978,2.678192615509033,0.9811414118856135
p232_091.wav,0,0.0,25001,16.677997145433107,8.20341362202634,16.663620982702444,2.4203670024871826,0.9534416744939351
p232_092.wav,0,0.0,31488,16.073287943437126,7.292526170411078,15.966058039656934,2.2462315559387207,0.9144250796613823
p232_093.wav,0,0.0,35540,21.674567692774716,13.445893554365538,21.67198616107438,3.1549594402313232,0.9098732145226418
p232_094.wav,0,0.0,45055,19.926254735374094,12.236399765216946,19.92705702751721,2.840399980545044,0.9644123639290233
p232_095.wav,0,0.0,57179,15.327575881510558,10.788577482085502,15.20024229110573,1.8413803577423096,0.9204196127313934
p232_096.wav,0,0.0,26848,14.64403479791642,6.258702316841745,14.588445906567419,1.3194149732589722,0.8010125591194253
p232_097.wav,0,0.0,43274,22.802117084079157,14.402678504953732,22.787626830821225,2.9735260009765625,0.9977712187091019
p232_098.wav,0,0.0,38155,24.78795473977101,15.189498095175924,24.79918473348336,2.542884111404419,0.9089026552004534
p232_099.wav,0,0.0,44236,25.176667905296547,15.466052722594426,25.181425987646744,3.260645866394043,0.9878033486590079
p232_100.wav,0,0.0,25600,21.04414518926356,9.749215945563261,21.052004995354658,1.9606566429138184,0.9062946857515742
p232_101.wav,0,0.0,31139,24.289597405828346,12.675572851016053,24.31697065272392,3.121121883392334,0.9975528538099507
p232_102.wav,0,0.0,30304,21.59095835311603,11.172359517842667,21.58009690369328,2.5238986015319824,0.9359143135499555
p232_103.wav,0,0.0,56751,17.86227100972612,11.17841560359712,17.790802496166958,2.5710582733154297,0.9606523521389847
p232_104.wav,0,0.0,62720,17.736686547193873,9.920087514661919,17.680320358125957,2.3409392833709717,0.9542635406632938
p232_105.wav,0,0.0,28107,21.682754444912824,11.02778849906453,21.67540721061021,3.460059881210327,0.9390661270048445
p232_106.wav,0,0.0,38208,25.680732237842246,16.25874530068517,25.71466881978705,3.232128858566284,0.9840538810286746
p232_107.wav,0,0.0,42278,23.340587915238196,14.946738086285519,23.35593672791464,3.467707395553589,0.9588314034606835
p232_108.wav,0,0.0,26905,20.82590454007982,9.755813482686232,20.827249774431763,1.9827157258987427,0.9476196381168104
p232_109.wav,0,0.0,55868,20.552952806970453,15.204777130525157,20.531317597053814,3.097533702850342,0.9824444989044272
p232_110.wav,0,0.0,32555,16.940502154858375,8.24706848085359,16.852207012488925,1.500490665435791,0.9410763312862253
p232_112.wav,0,0.0,26305,19.296686382970215,9.271436689450862,19.304989237714228,2.8882410526275635,0.9158135841188138
p232_113.wav,0,0.0,21882,12.11600579557385,4.525799526966334,11.843654118269903,1.557964563369751,0.7895352172832065
p232_114.wav,0,0.0,51137,22.33583037828657,15.675852559394722,22.326898973422423,2.823221206665039,0.9586682041494577
p232_115.wav,0,0.0,43918,19.548921366619144,12.485490739830206,19.525554520708628,3.4267771244049072,0.9662163517935887
p232_116.wav,0,0.0,31733,20.77619865340564,9.781329998398743,20.745265953692844,1.5641546249389648,0.9303114612510872
p232_117.wav,0,0.0,55567,13.57312862922629,9.129808522596278,13.389324337863622,2.025531768798828,0.9357450275604402
p232_118.wav,0,0.0,50151,25.413778363821248,15.795394750953886,25.43659911841324,3.4723141193389893,0.9752275261204396
p232_119.wav,0,0.0,50687,24.028541578878535,14.733344171945099,24.02755241122624,2.929962635040283,0.9463437166656125
p232_120.wav,0,0.0,23410,21.596271818517696,9.871583317647003,21.58667723952799,2.6211278438568115,0.9611427067736026
p232_121.wav,0,0.0,49038,21.689723003724637,16.268710175693396,21.68919773015672,2.9097461700439453,0.9625772578485279
p232_123.wav,0,0.0,59314,24.23105676324702,16.108659701771096,24.242611750277035,3.12383770942688,0.9645309437601574
p232_124.wav,0,0.0,23855,21.436437171415328,10.696921290544445,21.40696845931158,2.3075101375579834,0.9333662601964043
p232_125.wav,0,0.0,25728,19.357982787372265,8.950828661794615,19.317156733268604,1.7763209342956543,0.8614158890742349
p232_126.wav,0,0.0,33823,17.669761651474655,9.18740871218426,17.60784958733651,2.041283130645752,0.9376130126904206
p232_127.wav,0,0.0,31585,26.133073660899836,14.29185594381047,26.190766578648635,3.690843105316162,0.9896913455504912
p232_128.wav,0,0.0,47388,22.23365067281761,11.489726521213651,22.210261690193928,2.0521223545074463,0.9899985332255292
p232_129.wav,0,0.0,56984,22.28786587799607,14.876845384426591,22.262157477891446,2.9235894680023193,0.9831732613973565
p232_130.wav,0,0.0,39435,20.281126090139523,10.464804664721395,20.24964234382399,1.9375784397125244,0.9846664781965594
p232_131.wav,0,0.0,48865,23.463397032234017,14.619806423295787,23.450276938413623,2.9699718952178955,0.972898346984145
p232_132.wav,0,0.0,29649,18.307635291501544,10.461910524787134,18.249661479463466,2.5456337928771973,0.8708957253533822
p232_133.wav,0,0.0,39034,15.868272047180515,8.610217530289214,15.754581024614298,2.0472166538238525,0.9094080586976401
p232_134.wav,0,0.0,28857,13.162729567101001,4.890780442435563,12.950268221133074,1.7779958248138428,0.8660868154506528
p232_135.wav,0,0.0,31740,21.950006161266195,10.679978730328628,21.958213306232814,2.903496742248535,0.9515084356395385
p232_136.wav,0,0.0,27811,18.641626389723587,7.051486556150149,18.604618874975344,2.5165226459503174,0.8079921853905639
p232_137.wav,0,0.0,25907,17.455817876706785,6.853706308846282,17.381839190268533,2.4348654747009277,0.925463451633084
p232_138.wav,0,0.0,25176,15.442729637028732,8.040029353162838,15.32415987808653,2.4007863998413086,0.8024952272573797
p232_139.wav,0,0.0,34971,27.00319013920327,15.932840108135805,27.006441860806973,3.5706076622009277,0.9996969370341786
p232_140.wav,0,0.0,25384,23.5023280138722,12.200009206755517,23.495210841167076,2.9225192070007324,0.8918626050738762
p232_141.wav,0,0.0,27775,18.564738118582085,10.989620714989638,18.510014815129956,2.7691917419433594,0.8559769485639925
p232_142.wav,0,0.0,43425,15.837433702869987,10.881242898695387,15.735699923711,2.2787833213806152,0.938539418077018
p232_143.wav,0,0.0,28384,24.228792434468083,11.660412772186513,24.227712942240633,2.9003524780273438,0.9667746232229439
p232_144.wav,0,0.0,36482,21.762419589118238,13.192475452863397,21.806484463018858,2.4645183086395264,0.9713220022145342
p232_145.wav,0,0.0,42400,15.838709753447162,8.89024115146615,15.734133730872415,2.1853866577148438,0.8892965794273902
p232_146.wav,0,0.0,32652,18.26710435653769,9.138653248883067,18.2080612219483,2.440248727798462,0.8669609925958487
p232_147.wav,0,0.0,43604,23.954104920532863,16.30184719925023,23.95764499273881,3.91526460647583,0.9814540538654413
p232_148.wav,0,0.0,61969,24.98089023320314,15.924871332885834,24.983842874538716,3.325369119644165,0.999297725441429
p232_150.wav,0,0.0,33685,24.35118023670604,13.627014546600899,24.349831702856623,3.1135096549987793,0.9801766226983256
p232_151.wav,0,0.0,43629,19.49476168584928,10.96391224629978,19.447103038987006,2.2655327320098877,0.9852692067155239
p232_152.wav,0,0.0,29856,21.810397498719215,10.987692221520701,21.82603674548009,2.513633966445923,0.9807204929998261
p232_153.wav,0,0.0,30904,19.18374891471678,9.70238555858719,19.14469899769813,2.6950020790100098,0.8795373920557621
p232_154.wav,0,0.0,37452,15.207107362868316,7.565172745436365,15.07896250625153,1.789820671081543,0.9187264476050895
p232_155.wav,0,0.0,40813,10.82747692955314,5.6414331496776695,10.480251338252295,1.6352167129516602,0.8396730739359958
p232_156.wav,0,0.0,32909,21.20211721693815,13.32256651753546,21.20262431521096,3.07559871673584,0.9250448817125831
p232_158.wav,0,0.0,42913,19.756445401189207,12.84984387202042,19.71351925533476,2.7892980575561523,0.9876963242700648
p232_159.wav,0,0.0,30008,19.71620064100287,8.00765248082521,19.689995278249526,2.403707504272461,0.9573348040500985
p232_160.wav,0,0.0,63080,13.73830891309556,8.362426674811964,13.551424688178361,1.629252314567566,0.9022049406237943
p232_161.wav,0,0.0,43550,26.231812716575917,17.31587156483069,26.24924760354444,3.484504222869873,0.9893282709079516
p232_162.wav,0,0.0,25539,26.316439867290995,14.10269849917965,26.31089376101081,3.0713794231414795,0.9559297361753727
p232_163.wav,0,0.0,34614,25.094028087560993,15.199015501362577,25.12457998869694,2.8460817337036133,0.9595828729174585
p232_164.wav,0,0.0,39502,19.159604281599666,10.722394529416121,19.118514234247705,1.7843786478042603,0.9112670764615981
p232_165.wav,0,0.0,27984,22.18832048511659,11.330495998722368,22.22176167632569,2.886939525604248,0.9897645007148006
p232_167.wav,0,0.0,42927,23.529454915344722,15.109562029051895,23.521207193603942,2.9680395126342773,0.9954883282221193
p232_169.wav,0,0.0,54207,20.798547394489,13.36495323354632,20.765640148993576,2.6095077991485596,0.9880166653047344
p232_170.wav,0,0.0,33483,12.984851149515418,7.084484746584417,12.761864422510747,1.9553887844085693,0.7583914483401439
p232_171.wav,0,0.0,32227,23.307602809823674,12.815208644935014,23.31646868530827,2.6397013664245605,0.9571467699305906
p232_172.wav,0,0.0,32317,26.555234229753957,15.742864028271377,26.574728241848806,3.8559815883636475,0.9737658290185501
p232_173.wav,0,0.0,34326,21.936989246350734,10.850550592247462,21.91029260015032,2.4475319385528564,0.9520045690814158
p232_174.wav,0,0.0,34475,18.380539634836776,8.899181641352568,18.323453035223725,2.0041635036468506,0.9202626032161106
p232_175.wav,0,0.0,50016,23.78687978511643,15.701910958377871,23.782607235725465,3.119074821472168,0.9956917255067342
p232_176.wav,0,0.0,44324,18.022950881873196,10.317113518018875,17.954720090942008,2.4982450008392334,0.946570216644415
p232_177.wav,0,0.0,35522,15.572141332640275,5.582179186577604,15.454881027068199,1.6429107189178467,0.8687821232082164
p232_178.wav,0,0.0,32137,15.52261547813735,7.241821131219934,15.407135623544931,1.9116125106811523,0.8794573777724073
p232_179.wav,0,0.0,55058,23.40527467696923,14.674094409391488,23.406832192476138,3.200289249420166,0.9743805443035083
p232_180.wav,0,0.0,51993,20.326844083122033,12.499371827769666,20.299311560251574,3.07240629196167,0.9801580079810782
p232_181.wav,0,0.0,29193,18.46329312060997,7.8377976403312495,18.403903633748204,2.488842010498047,0.994443325907865
p232_182.wav,0,0.0,40193,10.783355734982914,4.863285217481928,10.466474858202112,1.4671730995178223,0.9635421147730585
p232_183.wav,0,0.0,34464,25.071662367444446,12.461980800818134,25.08536684531814,3.0527424812316895,0.9653468123125439
p232_184.wav,0,0.0,34149,23.917133847524447,15.244875579150124,23.919004030467693,2.9564907550811768,0.9810783925383413
p232_185.wav,0,0.0,45692,23.792979268192216,14.280622684571465,23.784674660848882,2.7422807216644287,0.9968023310225479
p232_186.wav,0,0.0,30607,15.319078045310562,6.384776207230962,15.198609422652833,2.061875820159912,0.9036102145610339
p232_187.wav,0,0.0,21994,22.512452873986074,9.894970698743595,22.51610050933739,2.4061639308929443,0.7674723878614704
p232_188.wav,0,0.0,61280,21.43013583227287,12.80234209467618,21.40882409217278,2.8606715202331543,0.9295817499122907
p232_189.wav,0,0.0,40852,15.926283012929844,9.714326372752614,15.814250048065212,2.2937734127044678,0.9086823673654494
p232_190.wav,0,0.0,31228,17.203266754371285,7.231930926641473,17.122892037157097,2.143430233001709,0.9801837544277556
p232_191.wav,0,0.0,30651,24.981937392099034,12.440168777510882,24.985427627800263,3.0839569568634033,0.9585007000423844
p232_193.wav,0,0.0,38684,23.844919674996778,14.421180726799244,23.85485049957705,2.6435577869415283,0.9778485354682428
p232_194.wav,0,0.0,54896,19.89241163400773,13.837573947525174,19.84877909855937,2.539681911468506,0.9803854095207699
p232_195.wav,0,0.0,37551,23.474045200367485,13.495922773894584,23.510760448734388,2.9374725818634033,0.9453240341075914
p232_196.wav,0,0.0,35680,24.67235798258436,12.323425766217378,24.698519811601543,3.0300445556640625,0.9912837729471018
p232_197.wav,0,0.0,60514,23.332863849232574,14.351492977103696,23.321418789721143,3.1543405055999756,0.9807114850098827
p232_198.wav,0,0.0,37310,17.786257856598052,7.207730417206571,17.714636837495064,1.9192737340927124,0.9778028455786987
p232_199.wav,0,0.0,38375,14.39638303202412,6.832041627247755,14.2361478424006,2.1083436012268066,0.9478581794523275
p232_200.wav,0,0.0,56160,24.056305656878486,15.073456036140385,24.058804791101863,2.8647329807281494,0.9879243584431213
p232_201.wav,0,0.0,43231,20.426128143433743,12.090485839680523,20.40414708524299,3.103119134902954,0.9901328691927257
p232_202.wav,0,0.0,48402,19.51157077279721,12.237487108250166,19.462801576685994,1.700453519821167,0.9448484025547439
p232_203.wav,0,0.0,32211,12.958746661342015,6.26688301222632,12.745845750274578,1.5162259340286255,0.92436639783816
p232_204.wav,0,0.0,54501,27.213447001345376,17.475150129468137,27.22024531301693,3.8042523860931396,0.9993967202560586
p232_205.wav,0,0.0,29445,25.108984599477235,14.601006168612674,25.134533904141353,3.4091835021972656,0.9377087269208289
p232_206.wav,0,0.0,43287,24.144042228057074,15.30751170113031,24.157259836577264,3.075350046157837,0.9693532035656692
p232_207.wav,0,0.0,25365,21.21005441732673,10.237543370363419,21.190219611546866,2.0015056133270264,0.8791730708865162
p232_208.wav,0,0.0,21586,22.828598392629033,12.338120853800715,22.817842248892546,3.2508926391601562,0.755732611011203
p232_209.wav,0,0.0,22990,22.32796617683029,12.384061371614125,22.323840278417354,2.7067832946777344,0.8285550310528939
p232_210.wav,0,0.0,24460,18.87598461421127,8.499028924112631,18.86189530449147,2.521836757659912,0.9758528425452573
p232_211.wav,0,0.0,22503,16.78975193264312,5.013221356536777,16.714206505104357,2.2016830444335938,0.9018408834232158
p232_213.wav,0,0.0,37970,24.56820732623662,11.760368864121336,24.553917634403074,3.1485114097595215,0.967838865490634
p232_214.wav,0,0.0,30900,22.356565610939704,12.234911012124531,22.35759722479454,2.5898168087005615,0.994881051120226
p232_215.wav,0,0.0,36518,25.55608997430781,11.545419484999544,25.545360090872833,2.8691954612731934,0.9964824358581443
p232_216.wav,0,0.0,48017,20.029782762837414,11.627918389215907,20.00665491981635,2.4091145992279053,0.9829745391421906
p232_217.wav,0,0.0,24618,23.432475007763905,12.492854328223732,23.439771449559288,3.0958492755889893,0.9161673616316742
p232_218.wav,0,0.0,34212,22.02143551762546,12.568382446727782,22.02160354398088,2.9652767181396484,0.9360501444554717
p232_219.wav,0,0.0,55323,17.317153704475498,11.180950359791582,17.24567991958161,2.682584285736084,0.9632259069272091
p232_220.wav,0,0.0,58584,16.067237140560625,9.967696844703195,15.960317682843208,2.2974066734313965,0.9578824309607132
p232_221.wav,0,0.0,53078,21.73428714620201,13.802857509561447,21.70912013337805,2.7925143241882324,0.9923921462258609
p232_223.wav,0,0.0,40211,18.660032437639767,9.325763119853537,18.60556584818867,2.889477014541626,0.907958664775064
p232_224.wav,0,0.0,33108,17.283807255310304,8.013784577503381,17.213697306722196,2.1298584938049316,0.8918114010350944
p232_225.wav,0,0.0,26764,14.502559607266491,6.126372387923134,14.425065566113231,1.7432239055633545,0.8971974082734145
p232_226.wav,0,0.0,37013,25.321599802858596,15.643121935158115,25.37317231583282,3.5628747940063477,0.962690210269294
p232_227.wav,0,0.0,51938,25.47362977792469,16.03789270560593,25.477479042869046,3.0907866954803467,0.9988598726517405
p232_228.wav,0,0.0,26575,22.89915339498115,10.041129617746206,22.881747946677052,2.7856743335723877,0.9738968847378353
p232_229.wav,0,0.0,29999,23.781988420494372,11.808603133867312,23.78713131957443,2.448441505432129,0.9666964116088794
p232_230.wav,0,0.0,30222,22.198107399440985,12.317507271313382,22.204228427874533,2.13633131980896,0.8989610783855568
p232_231.wav,0,0.0,35051,23.512534880823,12.506273286574858,23.515067943830058,2.768031120300293,0.9970300630935872
p232_232.wav,0,0.0,68480,19.017566632516093,10.032865069190938,18.964417925154308,2.1869053840637207,0.9774876344210447
p232_234.wav,0,0.0,25558,17.961746638954388,7.45176689278386,17.910189656761272,2.6686673164367676,0.8618270147330583
p232_235.wav,0,0.0,63341,26.527418397787258,17.154134210590986,26.54128476906369,3.1671431064605713,0.9979694352617773
p232_236.wav,0,0.0,25086,25.731488059629175,10.422553676545151,25.73008556746037,2.7873599529266357,0.9069415372496054
p232_237.wav,0,0.0,45145,24.892518823392635,15.382402967826753,24.901334714727593,3.265489339828491,0.9958515825538254
p232_238.wav,0,0.0,37628,25.63607545732362,12.080445226603603,25.64316998162504,3.3062047958374023,0.9990924849208769
p232_239.wav,0,0.0,29782,22.24901954573095,11.52941102075914,22.249319125898097,2.8431098461151123,0.995135728219751
p232_240.wav,0,0.0,52839,22.424567267788888,14.202191057627052,22.404843113475277,3.029553174972534,0.9842591898089744
p232_241.wav,0,0.0,24314,14.571140269692972,5.816765052104747,14.429587888505877,2.1407907009124756,0.8886857267335285
p232_242.wav,0,0.0,27571,11.733616136096225,3.4454379118061498,11.432332256230438,1.5642999410629272,0.8320810860978015
p232_243.wav,0,0.0,30587,23.261926449778475,12.606210784226974,23.245184017314454,3.441314220428467,0.9960189422695235
p232_244.wav,0,0.0,52597,18.764308735256442,10.699625422546333,18.7151246858777,2.8718771934509277,0.9792914313603539
p232_245.wav,0,0.0,34203,21.391604922551384,8.798710464657265,21.360179846393613,1.773496389389038,0.8676145870269019
p232_246.wav,0,0.0,40633,13.345421197557226,5.91076846230996,13.159502582764986,1.8448388576507568,0.9299502115130855
p232_247.wav,0,0.0,27859,27.17614541092596,13.762045864090604,27.17038832151038,3.230994701385498,0.9566440628072019
p232_248.wav,0,0.0,53606,23.68446202737725,17.328915976006204,23.679140454893613,3.1587626934051514,0.9736767276834922
p232_249.wav,0,0.0,46165,24.940715933150457,13.782735888028315,24.93147793745717,2.4842028617858887,0.995808294269993
p232_250.wav,0,0.0,45235,22.61474818072012,13.661307096071438,22.604003447854062,2.400977611541748,0.9453661106522587
p232_251.wav,0,0.0,53396,25.56852080959096,16.632265718673395,25.587434524425497,3.2293429374694824,0.9696737114425341
p232_252.wav,0,0.0,47520,22.639098229136177,12.693123290435642,22.63506562488809,2.7160961627960205,0.9797140141620775
p232_253.wav,0,0.0,48446,19.181674882961893,11.570277214386893,19.129796845245096,2.4202089309692383,0.9466744858237953
p232_254.wav,0,0.0,45440,18.31032221939776,10.514385695486228,18.261752677893256,2.3980510234832764,0.9405144735845191
p232_255.wav,0,0.0,44025,23.07150292226906,12.62724475158175,23.06613954021391,3.6371800899505615,0.9891744351467032
p232_256.wav,0,0.0,32395,22.869280196387024,13.451528525096194,22.84970238980255,3.0442521572113037,0.9352684112047743
p232_257.wav,0,0.0,27987,21.94989741835058,9.325827933241207,21.922255960230927,2.511356830596924,0.9982600036047571
p232_258.wav,0,0.0,44149,19.026221469068442,12.197684138303035,18.979159119002396,2.454810380935669,0.9640847705680845
p232_259.wav,0,0.0,62528,25.478261563638593,15.857123208081173,25.473822051586936,2.9945874214172363,0.9924694560508792
p232_260.wav,0,0.0,45705,18.999045781036834,9.02608872989355,18.947864638188324,2.734104633331299,0.9890247685118463
p232_261.wav,0,0.0,51026,15.45740286828032,9.298523248526248,15.356029039505852,1.964238166809082,0.9206406769091012
p232_263.wav,0,0.0,46853,13.161221438909848,7.4286540544897575,12.949790029224605,1.9081428050994873,0.8735532527750269
p232_264.wav,0,0.0,50604,22.877079659956003,15.996887664598916,22.855932556560106,3.188138008117676,0.9962414066511942
p232_265.wav,0,0.0,30096,18.852727562421315,9.16925363786128,18.821348263695118,2.4813506603240967,0.9341861644066567
p232_266.wav,0,0.0,37371,18.286750657884113,10.457748225138626,18.240145551310622,2.614213705062866,0.9303496664338677
p232_267.wav,0,0.0,53382,10.495709551349355,7.1620193336010605,10.089985203409942,1.4962602853775024,0.9085455285390289
p232_268.wav,0,0.0,34199,22.8266386693112,14.822958801603498,22.80879685303141,3.7243435382843018,0.9764796582647934
p232_269.wav,0,0.0,47328,24.70982440336831,17.61019987205595,24.74949098140319,3.3200974464416504,0.9812069892844973
p232_270.wav,0,0.0,48239,22.121996171534242,14.839772124468057,22.114321833553245,3.1011295318603516,0.9716382828458491
p232_271.wav,0,0.0,47738,22.029185464742636,13.280298248570098,22.02179713346718,2.5725834369659424,0.9681071347264607
p232_272.wav,0,0.0,33259,24.85543893666913,17.167810346325815,24.88141289833632,3.5764167308807373,0.9227955574296198
p232_273.wav,0,0.0,40864,20.51782244600235,11.382056928055304,20.481829818756488,2.5598297119140625,0.9536227859524463
p232_274.wav,0,0.0,48181,19.867991787989393,12.534010447722945,19.823073788193096,2.736933708190918,0.9240285961700884
p232_275.wav,0,0.0,49178,17.847928287417258,10.176023101754778,17.77734665139681,2.438629627227783,0.9522794773252439
p232_276.wav,0,0.0,41994,26.41107533283256,17.928568549368016,26.402300642675016,3.4902098178863525,0.9956524207624898
p232_277.wav,0,0.0,48727,23.242930117316728,15.019732453891086,23.234642893339952,2.803128957748413,0.9445828726226468
p232_278.wav,0,0.0,39485,24.621342276951257,12.18171781436759,24.620240910620154,3.2205424308776855,0.9847765775087852
p232_279.wav,0,0.0,37074,14.976021734989251,6.58685504655746,14.848542211739645,1.8033933639526367,0.8307386635047438
p232_280.wav,0,0.0,49073,20.39668473872399,12.25451049921629,20.40152312191338,2.8589184284210205,0.9254401229018084
p232_281.wav,0,0.0,29510,17.483159880430513,7.45807320207194,17.409172368361027,2.4425230026245117,0.8254597414285099
p232_282.wav,0,0.0,57415,20.316801249645668,13.84422949663882,20.32919217735944,2.7340590953826904,0.9563498359217559
p232_283.wav,0,0.0,28820,12.699114602195783,5.280871223531529,12.47134448297883,2.0523903369903564,0.8604021981545132
p232_284.wav,0,0.0,41854,23.479084802176615,12.960608235916244,23.475558513547252,3.1836812496185303,0.9939195769540516
p232_285.wav,0,0.0,34910,20.93715143595162,10.216042703611777,20.905011632969035,2.894122362136841,0.9567062884481674
p232_286.wav,0,0.0,36024,17.53231188683334,8.330524581241118,17.50210843094774,2.6507558822631836,0.944913470331066
p232_287.wav,0,0.0,34491,13.18852376759005,5.5533389504596355,12.977590998037552,2.0246832370758057,0.9342560243408813
p232_288.wav,0,0.0,26846,26.403453408061463,13.99529887463545,26.4111693612117,3.6555535793304443,0.9743960634573134
p232_289.wav,0,0.0,52324,26.21965758780781,16.38045120983961,26.215831557566776,3.6452863216400146,0.9992362115892149
p232_290.wav,0,0.0,29971,26.033006111845385,10.864250233810942,26.03082283205739,2.7509822845458984,0.9982772627275998
p232_291.wav,0,0.0,36578,24.433084758014708,12.11853820012548,24.42102765997122,2.818314790725708,0.9978259463048561
p232_292.wav,0,0.0,39841,24.92420550324209,11.255816895718572,24.92776941294915,3.017756700515747,0.9956752818562444
p232_293.wav,0,0.0,54632,22.00738753395033,13.774029511879345,21.98445834394951,2.610302209854126,0.970104534720813
p232_294.wav,0,0.0,55787,20.262760503831952,12.382235346448681,20.23004737857365,2.765556573867798,0.9664374965837299
p232_295.wav,0,0.0,49235,16.192141782671847,9.747494654066061,16.096896060456004,2.0313022136688232,0.9187589836888835
p232_296.wav,0,0.0,34752,24.698211468413195,15.467879106126029,24.721481066278432,3.0413997173309326,0.9484875939409311
p232_297.wav,0,0.0,34621,23.809429714787935,14.342003318947665,23.814701106225755,3.1498324871063232,0.9498903724638714
p232_298.wav,0,0.0,25605,21.343425628284677,9.015718776713335,21.312309693770217,2.356698513031006,0.9591151690424753
p232_299.wav,0,0.0,27110,22.38385407103599,10.24404353712679,22.407936186229776,2.597158908843994,0.9291694640788756
p232_300.wav,0,0.0,24508,22.504376477816884,9.6297540633762,22.480050094633786,3.268171787261963,0.8996947943900745
p232_301.wav,0,0.0,38101,21.28543759508066,10.295835612553228,21.260408633334002,2.7707250118255615,0.9877024500421362
p232_302.wav,0,0.0,27163,15.143735556590789,6.472758937138296,15.02923867921222,2.1742966175079346,0.8122919062740294
p232_303.wav,0,0.0,58766,11.611938137954919,6.415624076527677,11.30845786555202,1.8278453350067139,0.9029875492683074
p232_305.wav,0,0.0,23273,23.39850151937908,10.43581858711016,23.384049837057688,2.2473862171173096,0.9591673610420577
p232_306.wav,0,0.0,28742,18.924298886920077,8.7363550115918,18.869524869158607,2.368731737136841,0.8693397625043757
p232_307.wav,0,0.0,62602,16.411323484528758,7.653586353283263,16.317485879899337,1.6283544301986694,0.947745448121565
p232_308.wav,0,0.0,33193,13.59491624585141,6.5703579723574075,13.504062217960941,1.9393442869186401,0.8331236008858653
p232_309.wav,0,0.0,39622,27.67356984086331,19.32555497173204,27.701288745046536,3.895179271697998,0.9689475188435664
p232_310.wav,0,0.0,23233,21.44163445695802,10.769260540948826,21.415019571479753,2.35378098487854,0.9072706317955818
p232_311.wav,0,0.0,32372,23.06510590962072,12.157255488971428,23.047291859148466,2.9163317680358887,0.9585773439649026
p232_312.wav,0,0.0,44330,22.465925527815045,15.13149985613949,22.445263975582176,3.018253803253174,0.9687957380035331
p232_313.wav,0,0.0,34018,24.03602787508461,13.93934278311216,24.02540643703732,2.8224985599517822,0.9564175565840283
p232_314.wav,0,0.0,28477,21.226772178510288,10.752961282916614,21.19903893534163,2.325664520263672,0.9364849989674128
p232_315.wav,0,0.0,24622,22.89234890741479,10.946083548711544,22.875743451343897,2.6040377616882324,0.861755104188467
p232_316.wav,0,0.0,26107,16.579377602671563,6.92495989666511,16.487425049298505,1.5330350399017334,0.8085290220263818
p232_317.wav,0,0.0,38477,26.680908663602807,15.765899334760224,26.677368206073552,3.5070960521698,0.9959576113029771
p232_318.wav,0,0.0,38254,25.06653096894719,15.315220560685924,25.071845202340754,3.048794746398926,0.9915660100161039
p232_319.wav,0,0.0,39552,25.355735896113806,16.691234596066028,25.390165363265986,3.381491184234619,0.963453745643136
p232_320.wav,0,0.0,31701,19.34717417321823,11.819068364747663,19.305871250694032,2.481806516647339,0.8857488310580969
p232_321.wav,0,0.0,40921,24.170905088859826,14.859212837095411,24.159956794411794,3.02072811126709,0.9946148606855231
p232_322.wav,0,0.0,42712,21.064868912963412,10.795475027173625,21.035664318303013,2.100640058517456,0.9192118585239492
p232_323.wav,0,0.0,33957,16.674142552175756,9.104261286462176,16.583943225981887,2.2475316524505615,0.9685159154893729
p232_324.wav,0,0.0,40951,14.743702332305489,7.6783797835658945,14.597120489729964,2.263031244277954,0.9574969394501774
p232_325.wav,0,0.0,28114,22.49119289826028,9.003108002874905,22.490093002928827,1.7507245540618896,0.9708310790056016
p232_326.wav,0,0.0,26411,17.78624904759176,8.098887888822178,17.722613624833098,2.381147861480713,0.8525072450466448
p232_327.wav,0,0.0,38122,18.191964198798477,10.350606532314565,18.14126780236428,2.7180826663970947,0.9864499120781223
p232_328.wav,0,0.0,42486,11.536974853118387,6.609497761588487,11.240758825435178,2.023893117904663,0.863448317198585
p232_329.wav,0,0.0,31848,26.370003553356195,13.883932814212338,26.44162055256087,2.949007034301758,0.9988578919996222
p232_330.wav,0,0.0,35411,24.295444040393427,12.273223751912248,24.28215247179487,2.5762557983398438,0.976626880345118
p232_331.wav,0,0.0,36650,28.002161056549546,17.188581190136563,28.0376071286718,3.225621223449707,0.9796610185323454
p232_332.wav,0,0.0,34309,24.017844346755908,12.580370653393674,24.009598565692073,2.0467185974121094,0.9971150464884188
p232_333.wav,0,0.0,31927,24.433538257750943,12.245538286909687,24.43366256639767,3.063565492630005,0.9530769030213171
p232_334.wav,0,0.0,49287,22.738045373408614,13.562931527785318,22.719554352094523,2.7409284114837646,0.9927669809807348
p232_335.wav,0,0.0,33467,18.57241048757627,9.616091861215304,18.525446942182555,2.0882039070129395,0.936582906859798
p232_336.wav,0,0.0,46629,16.71199665271677,8.31525236475188,16.63459443574209,1.8745229244232178,0.9167339498974137
p232_337.wav,0,0.0,45675,26.767176033924386,18.680547454343678,26.75887690569401,3.683455228805542,0.997823830653604
p232_338.wav,0,0.0,36971,17.199794053310733,12.232510419544658,17.118248404146005,3.0846571922302246,0.9948288108729789
p232_339.wav,0,0.0,31445,22.842852797661173,8.504620830834883,22.82613399194288,2.943030834197998,0.9971667056504164
p232_340.wav,0,0.0,23058,22.188027800019192,8.028791667968056,22.17011905438919,1.9836969375610352,0.9579145563966549
p232_341.wav,0,0.0,41600,21.65630422405872,11.283151469009843,21.631028283103415,2.00335955619812,0.9747026750629486
p232_342.wav,0,0.0,41965,16.276454624156038,9.986285273110397,16.17354884261061,1.4954355955123901,0.9161201818410801
p232_343.wav,0,0.0,62098,17.32685670526034,8.940280059980628,17.25450559369265,1.8100351095199585,0.9189972352927223
p232_344.wav,0,0.0,25305,12.114323015083324,4.971817729233695,11.913962347804796,2.0734269618988037,0.9205049717795535
p232_346.wav,0,0.0,31245,23.364832702104763,12.149290042992272,23.395791795517304,3.010392665863037,0.9511971107136578
p232_347.wav,0,0.0,52713,21.48394020999341,13.508678854840694,21.45301872638314,2.8719754219055176,0.994686726080791
p232_348.wav,0,0.0,43924,16.72944461358272,10.932414663260646,16.643576495627443,2.35192608833313,0.9696816433798198
p232_349.wav,0,0.0,42536,15.620213287070058,9.508055718455806,15.514668203898248,2.2943592071533203,0.9544042697709347
p232_350.wav,0,0.0,44320,28.6078716754133,16.085014130732706,28.615813626702625,4.268850326538086,0.9823255510697259
p232_351.wav,0,0.0,29922,24.244270557922526,12.628218691045022,24.258734885807463,3.116016149520874,0.9658827258249297
p232_352.wav,0,0.0,29458,23.4151233120205,11.822977672048335,23.399740674150568,2.749985694885254,0.9934237217712723
p232_353.wav,0,0.0,38623,22.386111294728362,11.444367742782356,22.412459967433648,2.424286127090454,0.995171635557412
p232_354.wav,0,0.0,26966,20.162140681056563,11.629775637359769,20.130246720671167,3.0742318630218506,0.8891270763931526
p232_355.wav,0,0.0,49722,22.450259997497703,15.554695803856665,22.45711269982278,2.9813647270202637,0.9835427822129669
p232_356.wav,0,0.0,47402,19.573884141642722,11.385613057094844,19.533129365137295,2.429807186126709,0.9563388249116043
p232_357.wav,0,0.0,35453,20.72101562887439,12.42537036443716,20.712957509394702,2.78527569770813,0.9774112416033599
p232_358.wav,0,0.0,27824,24.580609737250864,14.249282492059578,24.5754788379422,3.2053439617156982,0.9109638840202697
p232_359.wav,0,0.0,23561,22.566677929542777,11.641838390991765,22.548172027121204,3.4388527870178223,0.878547691335607
p232_360.wav,0,0.0,43725,21.46266596176218,13.693749669060397,21.444624821316328,2.6928117275238037,0.9428446676717693
p232_361.wav,0,0.0,30964,23.302914710748244,9.407302813738937,23.293874690772306,2.649651527404785,0.9978496834787002
p232_362.wav,0,0.0,46001,23.369039336673843,14.245950671832514,23.371163637236737,3.03690242767334,0.9945312042658252
p232_363.wav,0,0.0,53221,21.256072996061764,12.205771627932565,21.233372990157445,2.9109039306640625,0.9888016376729521
p232_364.wav,0,0.0,39540,18.28910678170479,10.88847527107932,18.22576896911223,2.7524044513702393,0.9845992601715811
p232_365.wav,0,0.0,35569,16.474197160215702,8.248111226314174,16.377564741855494,2.1235954761505127,0.8919965939821399
p232_366.wav,0,0.0,31626,21.521822833684165,12.2382524316643,21.57685946585273,3.2716164588928223,0.995971465428887
p232_367.wav,0,0.0,29237,22.166391217795155,11.830316213337195,22.192707327169792,2.8995015621185303,0.913299868298203
p232_368.wav,0,0.0,31804,19.456704806623037,10.655382802047589,19.426331727126325,2.770111560821533,0.9132918795633568
p232_369.wav,0,0.0,52143,16.860995264588617,10.71685023121254,16.77492544532744,2.645905017852783,0.9808959109923603
p232_370.wav,0,0.0,25777,26.66484412419289,15.628434397928066,26.680003112886457,2.9519543647766113,0.9805829513907354
p232_371.wav,0,0.0,29582,26.91205307865821,14.067474482800447,26.943894688183857,2.853241205215454,0.9988512783771671
p232_372.wav,0,0.0,53940,21.520125321447523,13.31529081956891,21.49599517377822,2.479926824569702,0.9362992379671999
p232_373.wav,0,0.0,52039,23.12889740763227,15.80025924722539,23.15810362417785,3.072704553604126,0.9971387402939661
p232_374.wav,0,0.0,46693,23.10100313316226,14.392482178134129,23.08411364546231,2.7532877922058105,0.9911437611217292
p232_375.wav,0,0.0,40833,20.855084934271304,11.616872678226109,20.820043939968222,2.857611656188965,0.9921170785294076
p232_377.wav,0,0.0,47469,21.032966686326482,12.424616259227301,21.021971280570245,2.762688159942627,0.9869889118616846
p232_378.wav,0,0.0,56816,17.790776173807174,10.679724790346668,17.72263639109509,2.0740370750427246,0.978960734800193
p232_379.wav,0,0.0,42549,24.540587977362375,15.379362949852945,24.545568087267476,3.1988418102264404,0.9855076234221919
p232_380.wav,0,0.0,45160,23.25125081335909,15.731261504046975,23.23376516812244,2.9032397270202637,0.9776216514758983
p232_381.wav,0,0.0,32568,22.676956353946846,13.329214778413185,22.660700683024608,2.831254005432129,0.9437162817150775
p232_382.wav,0,0.0,30370,21.76579233280835,12.047363871631475,21.740581991374896,2.9214248657226562,0.9376714217814464
p232_383.wav,0,0.0,26794,22.586790702197256,10.62387312333515,22.591824486820222,2.741361618041992,0.9939356051137758
p232_384.wav,0,0.0,28156,18.03881216203089,8.53174076593821,18.00001018090337,1.8677427768707275,0.8600725641558198
p232_385.wav,0,0.0,48111,18.7334078491722,10.371082867189354,18.685490397630318,2.267301559448242,0.9097068724270391
p232_386.wav,0,0.0,35896,10.762774014436784,4.776950338909737,10.385810804139686,1.7891459465026855,0.8159257944776221
p232_387.wav,0,0.0,48054,21.21116391364895,13.28674376001645,21.180053805984794,3.3533599376678467,0.9920142043849843
p232_388.wav,0,0.0,40513,18.696429758784873,10.65490063503419,18.650886264293728,2.278064489364624,0.8773748238822725
p232_389.wav,0,0.0,33671,19.037289268868175,9.553689291464595,18.99098820017148,1.6872937679290771,0.9501434024017076
p232_390.wav,0,0.0,29483,15.201546892582341,8.566761163999319,15.09066948944988,1.740640640258789,0.9175324150098364
p232_391.wav,0,0.0,29153,25.229045176374786,13.733686700054424,25.227065590732177,3.5082976818084717,0.9889081599052546
p232_392.wav,0,0.0,51536,25.711777761016073,17.900627780406463,25.731145616252626,3.476926803588867,0.9591433816382484
p232_393.wav,0,0.0,52421,24.20779573879202,14.915388450865498,24.205593651051824,3.076795816421509,0.9988636054497129
p232_394.wav,0,0.0,50978,24.451469922652265,16.062018850237052,24.456344106105586,3.0183820724487305,0.9976312807992713
p232_396.wav,0,0.0,29555,22.96200881266634,13.208208351803133,22.9584217687116,2.4917855262756348,0.9320351419288212
p232_397.wav,0,0.0,48959,22.766021518841168,13.855925814977041,22.758895463676243,3.1178481578826904,0.9975489444242374
p232_398.wav,0,0.0,47616,20.670515555193067,12.70167804505092,20.63739682302584,2.82987904548645,0.9830903882006208
p232_399.wav,0,0.0,35861,18.360055618761287,10.421000264361561,18.307032436368214,2.5412003993988037,0.905972626545069
p232_400.wav,0,0.0,42923,26.24503207326619,16.74463832823319,26.244863646601164,3.516240119934082,0.9993030476220235
p232_402.wav,0,0.0,28484,18.53157273609129,9.584143536233292,18.492252451879537,2.7353241443634033,0.9774948981425511
p232_403.wav,0,0.0,34413,19.843196579439173,11.729482846128942,19.803883444861448,1.7048850059509277,0.9275359446313545
p232_404.wav,0,0.0,39713,22.87918416238929,10.99096410029602,22.885302854420715,2.858144760131836,0.9931385978843211
p232_405.wav,0,0.0,40677,21.91249125021967,14.83683185797906,21.8987605569639,3.204998254776001,0.9813028779632438
p232_407.wav,0,0.0,23809,13.127857776399594,6.390186694365408,12.921895060653712,2.0643362998962402,0.8251892855677333
p232_409.wav,0,0.0,65440,16.575651354396367,8.335155362322745,16.48322292185885,1.8277716636657715,0.9130326131015783
p232_410.wav,0,0.0,51755,21.137174604460938,14.99034894921477,21.112024415586635,2.6450231075286865,0.9292047993536953
p232_411.wav,0,0.0,33810,25.525870467519344,12.020503178712143,25.52969227357801,3.027778387069702,0.9790253075915454
p232_412.wav,0,0.0,53607,20.795495461408255,13.644101404748103,20.762818374871998,2.5226492881774902,0.9511325519190941
p232_413.wav,0,0.0,36310,26.618110175810195,15.015906195480722,26.620348016336774,3.385784864425659,0.9991340671354334
p232_414.wav,0,0.0,27833,17.231795290125422,8.151837635033361,17.17463291079383,2.1687064170837402,0.8730657944556098
p232_415.wav,0,0.0,44867,13.717672972397262,6.29740417546208,13.5303891564876,1.6539769172668457,0.919353730468476
p257_001.wav,0,0.0,35513,16.393879520571254,8.445308079842732,16.310851518232077,2.5557689666748047,0.9143165532416632
p257_002.wav,0,0.0,44418,17.113804478167086,10.180913852278607,17.030631859886533,3.148630380630493,0.9873075534875189
p257_003.wav,0,0.0,88343,16.865712554271205,10.358820054621408,16.785169189678804,2.2720131874084473,0.9510750706945336
p257_004.wav,0,0.0,58103,19.107854808909977,9.28961004216545,19.061008179603714,2.367661952972412,0.9779083680897768
p257_006.wav,0,0.0,68392,21.316048201047032,14.782550102256453,21.286269441897552,2.695053815841675,0.9645362821031753
p257_007.wav,0,0.0,54363,17.77372065635721,11.225328042704557,17.705727628112097,2.0111517906188965,0.9268377359569241
p257_008.wav,0,0.0,89330,15.13330479162564,10.172916794664452,15.001665052708884,1.9924635887145996,0.9416887119309337
p257_009.wav,0,0.0,55242,13.990390227090025,8.038241246474135,13.823511730003968,1.4831390380859375,0.8895058508129269
p257_010.wav,0,0.0,37915,23.263522602386686,12.7911504818582,23.25166925406552,2.671598196029663,0.9661823053476638
p257_011.wav,0,0.0,81727,20.551454287499617,14.411816737561237,20.51333894353082,3.2063324451446533,0.9850567437662142
p257_012.wav,0,0.0,55322,19.728000183783315,12.66063044138294,19.683878799615513,2.2118747234344482,0.9567043781798619
p257_013.wav,0,0.0,50211,12.492931463630299,7.33799661711192,12.244554726772721,1.3255319595336914,0.9190565128808599
p257_014.wav,0,0.0,59080,23.12151841328134,16.484657648858807,23.10099449536662,3.6201398372650146,0.9904034714622952
p257_015.wav,0,0.0,75085,21.58900972335625,15.558873703906817,21.560194056126143,3.5110504627227783,0.9853930807697115
p257_016.wav,0,0.0,85572,20.568202519506535,13.195230375831466,20.53513142009877,2.709754467010498,0.9796219704784909
p257_017.wav,0,0.0,45937,18.609925806728093,11.375927525941147,18.56113830461053,2.005398988723755,0.9616451998425406
p257_018.wav,0,0.0,70698,21.79443285619655,14.79795002849019,21.79723918127586,3.307313919067383,0.9832519241816621
p257_019.wav,0,0.0,88325,20.122136145188332,13.609652526568775,20.08852969941538,3.0858025550842285,0.9850759978363812
p257_020.wav,0,0.0,54711,20.61714664858258,11.955161683640263,20.598667422543908,2.416339159011841,0.9388526124346819
p257_022.wav,0,0.0,77691,19.393585703482465,12.30860997642781,19.35096233648193,2.4093997478485107,0.9492028902045074
p257_023.wav,0,0.0,131430,21.554493329776246,16.63877274312686,21.533993781335052,3.4438273906707764,0.9926190834085098
p257_024.wav,0,0.0,74964,21.671656308777525,17.047584055741552,21.64648162603353,3.6949615478515625,0.9913150273301615
p257_025.wav,0,0.0,43868,21.065913000909788,11.816663952763701,21.037764893805246,2.5047128200531006,0.972240070287732
p257_026.wav,0,0.0,28143,13.715128672244335,5.797533278332237,13.529350997198101,1.9827501773834229,0.9076929569834533
p257_027.wav,0,0.0,48281,20.67486222595072,13.617701533937193,20.64429027405458,2.9333274364471436,0.9717439139264852
p257_028.wav,0,0.0,29389,16.72919168516191,8.419255839636705,16.643001645567864,1.703325867652893,0.9160599081969838
p257_029.wav,0,0.0,34001,16.992888627541774,6.907701594792054,16.910333412532992,2.116039991378784,0.8821087703230867
p257_030.wav,0,0.0,46249,17.475246039722315,9.341399943476306,17.403597653279014,1.3587580919265747,0.9396985339372009
p257_031.wav,0,0.0,21020,17.828926962897796,8.915829531223512,17.757022156359202,2.418184280395508,0.8350086331322975
p257_032.wav,0,0.0,48410,17.912592019037493,7.677972712250635,17.85320677528068,2.4978861808776855,0.9611980826906509
p257_033.wav,0,0.0,28151,15.087045080135946,6.395892026837517,14.975233117882867,1.796366572380066,0.9041997567878508
p257_034.wav,0,0.0,30567,16.97012043457024,8.363454096718973,16.886378301437148,2.1278128623962402,0.9245239423131459
p257_035.wav,0,0.0,52484,22.23105139853086,14.060018388447837,22.2075892034657,3.5299129486083984,0.9966017474998913
p257_036.wav,0,0.0,28575,19.591415969329294,8.246432030363096,19.5465598086345,2.629875421524048,0.9788956910890834
p257_037.wav,0,0.0,23282,17.054952196710342,8.280795300383256,16.969689728593572,2.031386613845825,0.9795230293087047
p257_038.wav,0,0.0,52304,18.248013221072195,12.399202420047196,18.18456637220561,2.624765157699585,0.9668901740840423
p257_039.wav,0,0.0,42585,21.125086538171345,13.11043314424101,21.09437411321717,3.0533056259155273,0.9446505471012092
p257_040.wav,0,0.0,42696,18.96239432523175,10.454095197814997,18.907654433659445,2.6574881076812744,0.9691715313379258
p257_041.wav,0,0.0,27385,12.005127460119663,6.060038425728825,11.723324942592452,2.284865140914917,0.9190816129764646
p257_042.wav,0,0.0,29438,17.186016268054615,5.348480288016469,17.10451061097845,1.510923147201538,0.7726802490423367
p257_043.wav,0,0.0,33238,21.119836997904535,12.603360223002202,21.088091735004063,3.220811128616333,0.976165766179106
p257_044.wav,0,0.0,28702,18.521477690429105,9.24839719024762,18.462699366574043,2.4332947731018066,0.9533938112347975
p257_045.wav,0,0.0,26000,17.080796313301228,4.959482275549318,17.005195172013202,2.475774049758911,0.9817960058398897
p257_046.wav,0,0.0,24662,12.721733594270496,7.3125467905606385,12.483626943112325,2.643974542617798,0.876994271180874
p257_047.wav,0,0.0,43104,21.38255209140182,11.595779138835084,21.362164447653203,2.8101134300231934,0.9376348557413426
p257_048.wav,0,0.0,26920,17.428452166693763,8.063783744359329,17.351078908432697,2.1736254692077637,0.9463824964318397
p257_049.wav,0,0.0,50383,17.544767529230377,10.91254454436508,17.468145171767762,2.273423671722412,0.954099593444712
p257_050.wav,0,0.0,30744,13.874468052580369,5.0043323297445195,13.697184913812352,1.4244691133499146,0.7288605942778894
p257_051.wav,0,0.0,46461,20.184645097413977,12.770701931207137,20.144599725211915,3.254812002182007,0.996392358613726
p257_052.wav,0,0.0,32480,20.835541840765966,10.456827688982601,20.814468102357203,3.3079254627227783,0.9516481809913299
p257_053.wav,0,0.0,40618,15.21284661088442,7.43134061967706,15.093569995767695,1.602585792541504,0.9281453651224817
p257_054.wav,0,0.0,34548,15.04731609457155,5.505383704410884,14.917770190853156,2.0043790340423584,0.8834650618637833
p257_055.wav,0,0.0,39949,18.977349841245147,10.401845361099028,18.93585435304599,3.322866439819336,0.974179234850253
p257_056.wav,0,0.0,23529,20.337747642270458,9.369581940641622,20.301089944794715,2.7253782749176025,0.9670043392359836
p257_057.wav,0,0.0,46651,21.810268115857546,11.755106224523429,21.793210234566693,2.765913724899292,0.9631423483987197
p257_058.wav,0,0.0,30854,19.67938187882504,8.871453797725492,19.642857126473064,1.890782356262207,0.960786726968432
p257_059.wav,0,0.0,59651,22.170890744957575,12.849709702055678,22.164908001708397,2.8003900051116943,0.9818674070647784
p257_060.wav,0,0.0,26240,19.52173859987115,9.442701405614564,19.47550987990239,2.40238618850708,0.9080505981775195
p257_061.wav,0,0.0,33086,15.895415041128045,5.706814260939336,15.78780395913756,2.0895650386810303,0.8906370882046676
p257_062.wav,0,0.0,38927,16.747856183261803,7.633469476451211,16.666742320768403,1.9475268125534058,0.918160119190112
p257_063.wav,0,0.0,32872,18.495368986361317,9.268175793721158,18.45146935456667,2.3342630863189697,0.921623233699714
p257_064.wav,0,0.0,32990,20.990776988545274,8.626653996337993,20.963016079497685,2.9363863468170166,0.9499546851860984
p257_065.wav,0,0.0,41421,21.745954777902977,11.524423649984916,21.72221840072927,2.5968332290649414,0.980270857862392
p257_066.wav,0,0.0,43360,19.41757534029948,10.228150231870721,19.369783367249504,2.4082510471343994,0.9214203642691858
p257_067.wav,0,0.0,28066,19.317748338745837,9.577782653276758,19.26840220638625,1.8355321884155273,0.8794375885623917
p257_068.wav,0,0.0,31718,17.57387168485246,7.258632585617744,17.506494734031538,2.600029706954956,0.9424872514201103
p257_069.wav,0,0.0,44631,13.657705854890096,5.965846815843306,13.47444269409728,1.4950400590896606,0.795185959405689
p257_070.wav,0,0.0,38232,11.579199906063893,4.071501345104626,11.308766096704757,1.316118597984314,0.824182681642608
p257_071.wav,0,0.0,59297,19.95036712027507,11.659199852891403,19.915969973771027,3.1383392810821533,0.974310659103991
p257_072.wav,0,0.0,29519,16.528287068499278,8.37306379262982,16.431929826765412,1.8685864210128784,0.9127719206784786
p257_073.wav,0,0.0,39337,17.714321873273512,8.608887179460961,17.641400607606876,2.3234479427337646,0.9303490506662643
p257_074.wav,0,0.0,27373,13.507972969092801,4.6498410058495745,13.31767644425068,1.6307752132415771,0.9038002043081884
p257_075.wav,0,0.0,31666,23.421543237745382,12.112494983110466,23.403868447741743,3.3129684925079346,0.9687266546379452
p257_076.wav,0,0.0,27585,20.946631720576363,10.847602279846306,20.916139555106298,2.5651915073394775,0.9481228146690495
p257_077.wav,0,0.0,33920,19.916247569303696,10.537052049279442,19.881471159790284,2.2362499237060547,0.9401854681083369
p257_078.wav,0,0.0,50755,19.856015413726528,11.384901153439321,19.813883485011758,2.1181435585021973,0.9764243854308742
p257_079.wav,0,0.0,45140,20.28007264826618,12.567048151971335,20.240066058085645,2.8002917766571045,0.9567340886054406
p257_080.wav,0,0.0,55748,19.94825243956158,11.531682875523241,19.90665801392926,2.537668228149414,0.9654750860958097
p257_081.wav,0,0.0,31200,17.011137901622174,6.1724785775050615,16.9500765802627,1.9474740028381348,0.8179055082469325
p257_082.wav,0,0.0,47444,16.595920531668767,7.977574530450993,16.500733779441994,2.1012513637542725,0.9062938192134871
p257_083.wav,0,0.0,35611,20.219444935841494,12.141801157924094,20.18644039369057,2.9678189754486084,0.9408491430228646
p257_084.wav,0,0.0,46131,20.305888827861015,12.315112341026367,20.26951366815659,3.1644396781921387,0.9805330339696925
p257_085.wav,0,0.0,40418,19.325726043413493,12.064260544408306,19.279232906744742,2.398493528366089,0.9569708511576343
p257_086.wav,0,0.0,25195,16.144018965945467,7.857031904778543,16.0378880374844,2.7069485187530518,0.9350770296071351
p257_087.wav,0,0.0,41046,19.608125523328667,10.38738544401314,19.60617914270854,1.631484866142273,0.8560188707857892
p257_088.wav,0,0.0,52816,18.591325108817134,11.154287242106996,18.538079077162774,2.4178261756896973,0.9580811209935957
p257_089.wav,0,0.0,46238,16.898648950588836,9.154023371005321,16.813978879563752,2.0301570892333984,0.9247175641600626
p257_090.wav,0,0.0,30176,10.299692200006053,2.872821920004787,9.888533295611792,1.243957281112671,0.751605586870131
p257_091.wav,0,0.0,30619,19.990429702457252,9.981286842597612,19.94948446279039,1.8576345443725586,0.9590425998058543
p257_092.wav,0,0.0,44800,16.487609062579885,6.053853607610863,16.391708958700168,1.9700214862823486,0.7908405570003788
p257_093.wav,0,0.0,26418,17.340243873691126,4.583406755677425,17.262165290369257,2.0243475437164307,0.9161392230368915
p257_094.wav,0,0.0,36160,14.050284920289846,4.069551109125473,13.923083666314346,1.714732050895691,0.721999458528035
p257_095.wav,0,0.0,55103,21.318698137302032,15.257135645477375,21.289442087695292,3.813326597213745,0.9843173987547068
p257_096.wav,0,0.0,41120,18.039025247876946,8.308137764818463,17.971573636651176,2.511746883392334,0.9134325387969405
p257_097.wav,0,0.0,43388,19.33404961008268,10.05014733167433,19.287167182316146,2.546457290649414,0.969689467639311
p257_098.wav,0,0.0,32960,18.93483769318161,6.925426929143004,18.883507194624425,1.8820288181304932,0.7802303263833065
p257_099.wav,0,0.0,43491,21.88907561753286,12.564914717776123,21.86307411990853,2.975651741027832,0.9777558516481372
p257_100.wav,0,0.0,23434,19.331788302678678,10.820805754346154,19.282000099666313,2.0319979190826416,0.8887324735806382
p257_101.wav,0,0.0,68876,18.32154963032773,9.898892489767436,18.289510564454027,2.1528921127319336,0.9445990049264793
p257_102.wav,0,0.0,41479,16.7825651533388,8.86142865268736,16.692374889006683,1.7549266815185547,0.9135058318874698
p257_103.wav,0,0.0,31983,22.760022737333088,11.468506842098211,22.75299887726876,2.8914263248443604,0.9746338664689593
p257_104.wav,0,0.0,33828,20.351057415901714,12.19648323902273,20.31142624045762,3.1800971031188965,0.9424129133475414
p257_105.wav,0,0.0,31468,20.310398424221457,11.431346772062016,20.27897774394986,2.437551736831665,0.9213905996630759
p257_106.wav,0,0.0,41113,17.528813495229574,10.66607547346883,17.455165588924654,2.2546560764312744,0.9826572451401249
p257_107.wav,0,0.0,30634,20.148996080685677,12.384140343296048,20.107220229941653,2.6386330127716064,0.9609466327312185
p257_108.wav,0,0.0,35721,18.71996345246741,8.395013863776713,18.66635260978282,2.1988232135772705,0.9347406682165524
p257_109.wav,0,0.0,33835,15.98464021935784,8.890228284134155,15.87507533325821,1.8468570709228516,0.9366656270596588
p257_110.wav,0,0.0,25527,12.22320956187036,5.849123321335727,11.955256696544668,1.7518274784088135,0.8393264004512557
p257_111.wav,0,0.0,38915,18.447664805821887,9.95745695171797,18.39017735422654,1.8043628931045532,0.9281718161311648
p257_112.wav,0,0.0,34141,17.52894616310955,9.230798746815756,17.4536155356555,1.7562505006790161,0.9368915831249285
p257_113.wav,0,0.0,27188,15.046847945754688,6.803261390173097,14.950762569728926,1.8463850021362305,0.8717130352637436
p257_114.wav,0,0.0,25989,12.830703126803481,4.0668138995910805,12.60227616666558,1.1513351202011108,0.8570326905282332
p257_115.wav,0,0.0,35532,22.015047658343015,13.166071990630483,21.989896133009005,3.2693731784820557,0.9945570197360596
p257_116.wav,0,0.0,52979,20.88902315511175,13.350776103483387,20.861334133953182,3.542147397994995,0.9909997712957421
p257_117.wav,0,0.0,35766,18.721418282906196,10.201903578432827,18.665243212181135,2.1096014976501465,0.9403646658274047
p257_118.wav,0,0.0,56459,21.240249306138065,13.414996701516733,21.219174543684293,2.4155421257019043,0.9797733949683525
p257_119.wav,0,0.0,31458,19.6053084022229,10.302364053865483,19.56059068814744,2.8177878856658936,0.9271465041303677
p257_120.wav,0,0.0,22600,17.205146775296416,7.889041571963672,17.128944782428285,1.7180747985839844,0.8890263731754205
p257_121.wav,0,0.0,52812,17.74126626133927,9.519155015682761,17.671739709579747,2.3464767932891846,0.931879364431956
p257_122.wav,0,0.0,23643,16.892341916235637,6.320185045131129,16.80486346566414,1.5732663869857788,0.8721925790596722
p257_123.wav,0,0.0,35465,22.35634921465501,12.61943673978768,22.33642447882845,3.785156011581421,0.9908251007719254
p257_124.wav,0,0.0,28006,17.488275670645827,7.586934647048338,17.418609621163856,2.5001370906829834,0.9457767245670489
p257_125.wav,0,0.0,30560,16.914935966624775,6.329258549330719,16.829637906219308,1.912142038345337,0.81240132205043
p257_126.wav,0,0.0,37618,18.691029285732245,8.103824544569791,18.638073534220936,2.143126964569092,0.914571166125433
p257_127.wav,0,0.0,48438,21.519618939710288,13.849381990291672,21.5100920300725,2.863882303237915,0.9472191727389319
p257_128.wav,0,0.0,42378,18.424496791997605,10.365003289728193,18.362504334185196,2.2325127124786377,0.9503180016153004
p257_129.wav,0,0.0,40667,16.390344401466656,8.626307602323575,16.310346899801324,1.9050261974334717,0.8388826208863011
p257_130.wav,0,0.0,50736,11.083962779612214,4.810215536400188,10.732396765225992,1.339563250541687,0.824546356585611
p257_131.wav,0,0.0,24011,20.71692934774186,9.192357375285663,20.68393720291776,2.662473678588867,0.9119437133603242
p257_132.wav,0,0.0,50128,20.170435498237573,10.939490191228881,20.138151658586587,2.1134374141693115,0.9486350731735604
p257_133.wav,0,0.0,39616,18.425890831857195,8.616189929462568,18.376845416304874,2.2248549461364746,0.9206491510589178
p257_135.wav,0,0.0,55694,13.957559562485859,7.161375243890381,13.785255392246864,1.9614182710647583,0.9511692473735314
p257_136.wav,0,0.0,35389,21.04158845463771,13.785558547258253,21.008430196065465,3.5752062797546387,0.9689688164478681
p257_137.wav,0,0.0,31503,19.138777157809436,10.198233665140648,19.089572147119394,2.386869192123413,0.8729169448331701
p257_138.wav,0,0.0,31418,20.27079339571706,10.518134160888202,20.242594726753303,2.376011610031128,0.9441221074210385
p257_139.wav,0,0.0,28227,18.518470942546998,8.452149398251716,18.464044710673274,1.6056877374649048,0.7958688903410523
p257_140.wav,0,0.0,30080,18.58550892986574,8.970449856800679,18.52911769209947,2.2247185707092285,0.8337213400340024
p257_141.wav,0,0.0,33746,21.422830617108517,10.92944538997354,21.393419532090974,2.49568772315979,0.9466848571219484
p257_142.wav,0,0.0,59947,18.076560864503218,10.282902730895167,18.011611900080766,2.2958908081054688,0.9331621581347257
p257_143.wav,0,0.0,40330,16.090638162036598,8.634238167573022,15.999907666143576,2.083881378173828,0.8601467439249535
p257_144.wav,0,0.0,44790,18.103804399591862,12.97591398142103,18.044404281487154,3.5260584354400635,0.9867821896674633
p257_145.wav,0,0.0,53930,16.046453652987477,9.370316647411952,15.937426102064904,3.2378735542297363,0.9723733364620457
p257_146.wav,0,0.0,32783,16.656337510586855,7.258913197629186,16.56817382295425,2.110140562057495,0.9603519411806668
p257_147.wav,0,0.0,48549,14.959058553939599,9.190630866309668,14.822822329829869,1.8183761835098267,0.950348457309977
p257_148.wav,0,0.0,29615,17.9969898398369,10.844457506178271,17.936101619835288,2.610529899597168,0.9679296522685121
p257_149.wav,0,0.0,39628,19.080125248965324,8.007192024187598,19.035873774205715,2.1545603275299072,0.9163596741740037
p257_150.wav,0,0.0,34409,15.993202904022159,8.198782804013518,15.888272259078029,2.027104377746582,0.8909051843993723
p257_151.wav,0,0.0,37695,10.795668965341513,3.8356860264246726,10.421181179196754,1.192716360092163,0.7696508970873641
p257_152.wav,0,0.0,25117,19.130601090559857,10.417114968324674,19.080394197251724,3.102753162384033,0.92145548482769
p257_153.wav,0,0.0,34200,17.887218748402613,8.416478090100972,17.82544964333931,2.011384963989258,0.9353355567637737
p257_154.wav,0,0.0,53123,14.17189790444011,7.115684109618021,14.030107737478918,1.565384030342102,0.8987876292682383
p257_155.wav,0,0.0,33198,10.914366455771287,4.979089590982024,10.66032259174543,1.655778408050537,0.8750401867546482
p257_156.wav,0,0.0,37192,21.83567980140967,12.988429339268336,21.81351554259551,3.931039810180664,0.9857335009411243
p257_157.wav,0,0.0,49671,21.12625325630031,14.344688821830744,21.097638082813788,3.1466736793518066,0.9701418009238066
p257_158.wav,0,0.0,22972,18.139004862557236,8.14381490411122,18.072974335411804,2.276463747024536,0.9597595338296281
p257_159.wav,0,0.0,28203,16.542047453472403,8.309563406158526,16.44801710237262,1.934077501296997,0.9270491562862807
p257_160.wav,0,0.0,40316,19.619501546206145,11.381157304196506,19.579007166640135,1.7009011507034302,0.9645807227937746
p257_161.wav,0,0.0,34769,15.912938688239366,8.60331459996557,15.800926340208775,2.8485312461853027,0.940234815692918
p257_162.wav,0,0.0,48248,16.367586535512068,9.124996795442033,16.30018948929916,2.0560710430145264,0.9676782583098718
p257_163.wav,0,0.0,35939,17.574841556776267,7.692327772245042,17.50762827387573,1.8919951915740967,0.8989479104163444
p257_164.wav,0,0.0,54676,23.39468582039471,14.896528622619709,23.40918260818303,3.4169864654541016,0.9904907902424448
p257_165.wav,0,0.0,27725,18.32622801862796,8.965108760291807,18.263368463880504,2.976931571960449,0.9608264578296467
p257_166.wav,0,0.0,36414,20.160258737795584,9.835601262357057,20.125280225138372,2.1456551551818848,0.8990157082623546
p257_167.wav,0,0.0,43346,17.177610422624696,10.186296676194845,17.10412272371784,2.0156826972961426,0.9232779942219571
p257_168.wav,0,0.0,50514,21.293016123013704,13.04752044652399,21.262981013188185,2.9786736965179443,0.9653706384631469
p257_169.wav,0,0.0,40423,20.408312046855865,10.00318519308686,20.378766509203345,2.1278927326202393,0.9494661067107866
p257_170.wav,0,0.0,33176,18.594908552152546,8.089591939378687,18.540868442600495,1.634580135345459,0.9105495552719798
p257_171.wav,0,0.0,32789,13.449301921472689,5.670424031568828,13.287437966805227,1.7111828327178955,0.8881713884505226
p257_172.wav,0,0.0,37806,19.654054054767077,11.345204554225516,19.64591816442211,2.1283986568450928,0.9421877349424144
p257_173.wav,0,0.0,37697,19.211419122480535,11.210465299609515,19.168377465810373,2.3400356769561768,0.9226225040017167
p257_174.wav,0,0.0,37778,20.43660709897797,8.728432998228376,20.41484213713293,1.4663819074630737,0.9244064889585885
p257_175.wav,0,0.0,53865,13.508481124160287,4.738526556229317,13.358072226095992,1.5569190979003906,0.9004417769957054
p257_176.wav,0,0.0,31408,21.496847667034995,10.311942470049614,21.47638102543133,3.0594582557678223,0.994530356914423
p257_177.wav,0,0.0,42422,20.798284415151894,13.906148763703511,20.767883009407136,3.26247501373291,0.9519282941675316
p257_178.wav,0,0.0,52868,20.378642190938244,11.988322533704178,20.34020998946538,2.9295694828033447,0.9842158821239163
p257_179.wav,0,0.0,31048,19.770279465102814,7.911395822709974,19.725864547471335,2.431483268737793,0.9445657340635873
p257_180.wav,0,0.0,31200,18.453547614794633,8.827419060010964,18.39548643217228,2.2401530742645264,0.7941728848826358
p257_181.wav,0,0.0,35141,19.958971681651626,9.940318278971382,19.91732113025443,1.4163795709609985,0.9514368324757136
p257_182.wav,0,0.0,36648,20.553782856984665,10.584950459929075,20.530534330997444,2.401297092437744,0.9188682748704322
p257_183.wav,0,0.0,25835,16.436843245875924,6.744418171768701,16.435979537425027,1.871896743774414,0.8407932672501012
p257_184.wav,0,0.0,50362,20.70139656663948,11.88353324436032,20.70755374125282,3.46659779548645,0.9899293179226722
p257_185.wav,0,0.0,35957,19.649741135879346,10.572596005566783,19.607927660415378,3.0822818279266357,0.9785118469554888
p257_186.wav,0,0.0,62422,18.637721845689526,11.144958636741901,18.582036203611967,2.968691349029541,0.9773564095066689
p257_187.wav,0,0.0,26795,17.85242129818407,7.291644602587378,17.78193443724445,2.814096689224243,0.9804214257877024
p257_188.wav,0,0.0,49133,20.68025198057032,12.196554143176288,20.645012838764107,2.543724536895752,0.9565519152269276
p257_189.wav,0,0.0,35754,17.957603646819827,8.179460550176964,17.889839370313343,2.3597450256347656,0.9505590704471327
p257_190.wav,0,0.0,35777,14.004509948784762,6.513564209500927,13.830953099803832,1.2985756397247314,0.8263769641523899
p257_191.wav,0,0.0,47762,13.75672310694878,7.230669122518878,13.571385917165887,1.453841209411621,0.8505992460089971
p257_192.wav,0,0.0,26011,18.94540991801897,7.161009768700513,18.891843387627244,2.7830028533935547,0.9510782492494122
p257_193.wav,0,0.0,40942,19.325858893411297,9.106311887410154,19.321368292487847,1.8184714317321777,0.9517964147028358
p257_194.wav,0,0.0,42128,15.855339622402171,9.216180114463754,15.742619514371391,2.694768190383911,0.9370033221266139
p257_195.wav,0,0.0,30559,13.348602824702402,5.204852571854346,13.16271978945262,1.491685390472412,0.8853783568876699
p257_196.wav,0,0.0,50082,23.57392878656611,15.188137838533736,23.583751181438643,2.3897788524627686,0.9896580370701202
p257_197.wav,0,0.0,26632,18.905914526602302,7.761731779242064,18.853003189828534,2.1606807708740234,0.9618835637694355
p257_198.wav,0,0.0,48963,19.38420988502409,12.288894962037752,19.334676212939744,3.0120725631713867,0.9693756672295272
p257_199.wav,0,0.0,67604,20.597610618836374,4.706241191991993,20.57201234121738,1.868151068687439,0.5661319059747425
p257_200.wav,0,0.0,36904,21.83669089316378,12.148509575023859,21.814956253255495,2.8394126892089844,0.9658142487862618
p257_201.wav,0,0.0,33872,21.75272952051817,9.89976180412387,21.725958497695572,2.3323700428009033,0.9231039510143342
p257_202.wav,0,0.0,48000,18.62756894155268,8.383012652418104,18.57316163203687,2.027401924133301,0.8905513755716964
p257_203.wav,0,0.0,32634,17.022807782238342,7.730083931283392,16.94710760625813,1.9464212656021118,0.8787091674458472
p257_204.wav,0,0.0,25427,20.31371139124879,9.620632086783669,20.274723710224734,3.3165390491485596,0.9438911403765546
p257_205.wav,0,0.0,36000,19.689659827760774,9.837251033336981,19.643923936393787,3.1699724197387695,0.9143298530071088
p257_206.wav,0,0.0,47460,19.56836776152679,12.746425359338211,19.5345959450865,2.877225637435913,0.9445461256232378
p257_207.wav,0,0.0,56477,16.958467778623817,9.370241758335274,16.898603499170562,1.960692048072815,0.933333061756456
p257_208.wav,0,0.0,28025,19.605020572545023,10.487719970084852,19.55773539618782,2.2785675525665283,0.8526704901713715
p257_209.wav,0,0.0,29099,17.043349670008258,8.983362636822097,16.97712159625491,2.1338694095611572,0.9046377084077475
p257_210.wav,0,0.0,40201,17.06758686621152,7.516736329911803,16.988506730040783,2.206997871398926,0.8754137489453995
p257_211.wav,0,0.0,30783,10.026996418311128,2.9260013742898807,9.62963848020674,1.278184413909912,0.8348261102746235
p257_212.wav,0,0.0,41252,22.797838071058564,12.636186375913233,22.78289604026611,2.556114435195923,0.9842856047222054
p257_213.wav,0,0.0,27175,17.03337338616067,5.782495278856778,16.97644511439165,2.0369768142700195,0.9074165545670662
p257_214.wav,0,0.0,41700,14.555325176893845,4.1280296981926545,14.432832629218936,1.4011623859405518,0.8085939672016507
p257_215.wav,0,0.0,31245,14.025287415974347,5.831476426025486,13.859275725792607,2.0991451740264893,0.8910352064486428
p257_216.wav,0,0.0,50212,20.1063919384066,13.203506005078744,20.06949463252227,2.9930973052978516,0.9909848928308802
p257_217.wav,0,0.0,43769,19.976775645222848,12.763071069536034,19.933561430440378,2.7167718410491943,0.9803773885164067
p257_218.wav,0,0.0,36294,20.130755630931475,10.61047443634744,20.09550736567001,2.0772550106048584,0.9470036414092383
p257_219.wav,0,0.0,48521,17.01193970174409,10.662914820526757,16.926907606408296,1.8944880962371826,0.9431773974792971
p257_220.wav,0,0.0,29546,20.637916832995696,8.19416763602146,20.605826411819336,2.582465648651123,0.9233585517285928
p257_221.wav,0,0.0,32472,17.274292042627092,9.794215719710692,17.193140151813786,2.7891578674316406,0.937911905431478
p257_222.wav,0,0.0,37136,15.218892789120758,7.540471671754895,15.088928871400775,2.250936508178711,0.8602708381374251
p257_223.wav,0,0.0,68009,16.582980717878005,9.953883860412562,16.49138551134465,2.329643964767456,0.936940875017999
p257_224.wav,0,0.0,49196,19.397793470115573,13.175576711702616,19.351126044653633,3.9979794025421143,0.9991766550725365
p257_225.wav,0,0.0,36445,19.35699212368084,11.520299322661186,19.309890010256016,3.3970394134521484,0.9718730717771612
p257_226.wav,0,0.0,31747,18.893007055739798,8.144173488064052,18.84175440336511,2.622770309448242,0.9778971810139032
p257_227.wav,0,0.0,28064,18.571426349011123,9.328657986080824,18.515063311447015,2.9487736225128174,0.8526022119688533
p257_228.wav,0,0.0,25964,19.288334200581325,11.90909978604522,19.2374383696774,3.3181140422821045,0.8641972132558718
p257_229.wav,0,0.0,35067,19.14036723360735,9.115477055769748,19.1219821274902,2.1628365516662598,0.8723294996837732
p257_230.wav,0,0.0,52196,14.746535367383393,6.900120779929614,14.631895421408727,1.8761508464813232,0.9041035439974829
p257_231.wav,0,0.0,50539,10.662777644050458,5.911363532403893,10.356243989923533,1.3904002904891968,0.860768952666032
p257_232.wav,0,0.0,59923,20.284797535912766,12.916583636420532,20.250439795902395,2.6446824073791504,0.9678718582029143
p257_233.wav,0,0.0,38298,17.78398294690305,7.465965328378079,17.71864504124207,2.564028263092041,0.9055778217642906
p257_234.wav,0,0.0,55420,17.27068625587799,9.897498197997502,17.193519564991732,2.107858896255493,0.9512935332060197
p257_235.wav,0,0.0,36050,15.600924493461452,6.938898373772859,15.481716460994374,1.9433894157409668,0.9178902599280667
p257_236.wav,0,0.0,56939,21.682893440556338,13.11490021079146,21.663802321646966,3.7939767837524414,0.964080958940848
p257_237.wav,0,0.0,53371,20.933741453468762,12.65911569638648,20.9040241137043,3.042952299118042,0.9725569580308646
p257_238.wav,0,0.0,33825,20.81985411983975,10.860831275558036,20.790728003719636,2.706430673599243,0.9352485327716351
p257_239.wav,0,0.0,31953,18.693555221292865,10.095660357584705,18.642319831481284,2.1222355365753174,0.925008741260151
p257_240.wav,0,0.0,46874,20.601739961682817,12.108145136443285,20.571388935450607,2.5012640953063965,0.9034569294726509
p257_241.wav,0,0.0,25792,17.3749545225031,8.643751047005427,17.298820519157296,2.4780523777008057,0.961682373584517
p257_242.wav,0,0.0,49037,16.53389534383508,9.02701567572117,16.520787186158177,1.8603508472442627,0.9271963877069836
p257_243.wav,0,0.0,34752,17.49558363379309,9.544042864710267,17.423581863464463,1.7927627563476562,0.9160349966157861
p257_244.wav,0,0.0,41723,22.217670868273704,12.617925674841358,22.214721163894964,3.689678430557251,0.9727383068477318
p257_245.wav,0,0.0,45286,20.49617508426142,12.434328378784814,20.45907363979331,3.0361366271972656,0.9640804069710943
p257_246.wav,0,0.0,42705,20.764091531371307,12.465273514276213,20.736831903285644,2.885603666305542,0.9655605725062246
p257_247.wav,0,0.0,49439,16.511131489657632,9.620763706456279,16.415976402406656,2.0830366611480713,0.9173524436761004
p257_248.wav,0,0.0,50226,23.87657821296815,14.657145608399553,23.86535364981052,3.1286373138427734,0.9856256872473151
p257_249.wav,0,0.0,25646,16.619681871709282,8.065508640491958,16.52537371966682,2.160841941833496,0.9426249992696094
p257_250.wav,0,0.0,41180,18.337825583071375,10.066082338193093,18.285136001998588,2.4806714057922363,0.9592586489514424
p257_251.wav,0,0.0,48788,15.73167190502918,9.113709975775281,15.616163195885127,2.0371010303497314,0.9092333595160699
p257_252.wav,0,0.0,33726,19.76404763785842,9.226186637642193,19.72740253373305,2.8164875507354736,0.9213374019149027
p257_253.wav,0,0.0,44988,18.31277576253073,8.700695456918865,18.250250121093323,2.086078643798828,0.9251319672303937
p257_254.wav,0,0.0,34723,14.48271711636485,7.523593016633478,14.332304014300835,2.488252878189087,0.9257846984354589
p257_255.wav,0,0.0,38906,15.25150903687486,6.568417258811898,15.14543530576679,2.1911709308624268,0.8838641333071722
p257_256.wav,0,0.0,50740,23.45682703040822,14.410192454951538,23.439700594376657,3.5836615562438965,0.9851505193258899
p257_257.wav,0,0.0,31575,18.445895371092412,7.83617920000947,18.384363232305354,2.1558337211608887,0.9814566850211365
p257_258.wav,0,0.0,63321,18.33714762037091,10.916600590651383,18.27363236184413,2.6591856479644775,0.959372022537268
p257_259.wav,0,0.0,23083,20.286523707344504,9.477325770231145,20.25153458701387,1.9657487869262695,0.9177292123981415
p257_260.wav,0,0.0,43360,19.94581390640791,10.739314878406768,19.91368167063237,2.13999605178833,0.8662936474517596
p257_261.wav,0,0.0,42785,20.21713756228065,13.06942629463898,20.18638206179283,2.6110126972198486,0.9721049537228945
p257_262.wav,0,0.0,55327,19.379071077683093,12.84101981048291,19.32974751766259,1.7393882274627686,0.9755453103754453
p257_263.wav,0,0.0,32795,14.328528148122126,4.683028047773147,14.16950874878778,1.4392285346984863,0.8508883224728208
p257_264.wav,0,0.0,22555,22.69966823717632,9.30397723254059,22.67925010712574,2.209641456604004,0.9256578524452364
p257_265.wav,0,0.0,43822,20.70648958145761,12.598651240753165,20.679981064567002,3.1480908393859863,0.9854132002640175
p257_266.wav,0,0.0,40648,18.659374811401158,8.907291629056292,18.60642127753158,1.998213291168213,0.9660289690384865
p257_267.wav,0,0.0,28126,19.838153321762853,8.046174444099996,19.80745369886898,2.0543766021728516,0.8735488388360855
p257_268.wav,0,0.0,40818,20.793013789149192,10.878091788023442,20.76385770654516,2.5685858726501465,0.8902356910728811
p257_269.wav,0,0.0,27752,17.7458383893335,8.56730129304211,17.673596874996587,2.0375545024871826,0.9353198446884795
p257_270.wav,0,0.0,40818,14.378760247715153,6.831559102223341,14.219395045417944,1.602994441986084,0.8202049117769801
p257_271.wav,0,0.0,46633,12.316242045375017,5.678070811361121,12.100039481120968,1.569554090499878,0.9152378746428117
p257_272.wav,0,0.0,31454,19.765518725069228,8.100953012574099,19.735620125543274,2.742741107940674,0.960487619258798
p257_273.wav,0,0.0,33973,19.205375400997912,7.9064461251676805,19.188870108572623,2.056999444961548,0.9430272558981926
p257_274.wav,0,0.0,29300,16.611873572288715,5.011398061759571,16.620262821845348,2.067824363708496,0.8772184277617613
p257_275.wav,0,0.0,49712,17.428083539043186,9.888324418486452,17.351384217262876,2.0179526805877686,0.9334330152087867
p257_276.wav,0,0.0,36910,20.4888920483525,7.480020206340618,20.452910423019127,2.265395164489746,0.821658350486169
p257_277.wav,0,0.0,41935,21.031951080589266,13.075810633958872,21.00674986916129,2.635931968688965,0.9818781033049064
p257_278.wav,0,0.0,50463,20.172858334632735,9.806742032955007,20.1319972749517,2.3221616744995117,0.955774360123191
p257_279.wav,0,0.0,58347,19.758390835429708,11.549109110393072,19.71570651378684,2.3211069107055664,0.9870283859866175
p257_280.wav,0,0.0,39434,21.453578135044005,11.844428404799183,21.42830372532884,2.9391462802886963,0.9623931402185815
p257_281.wav,0,0.0,22624,20.075016052847815,8.959039277752032,20.033192480502343,2.108504295349121,0.9365928506135063
p257_282.wav,0,0.0,30927,20.677109799392213,8.118725603799783,20.640371775068086,2.0052618980407715,0.9434869763693416
p257_283.wav,0,0.0,45141,17.490113292130047,10.036051455347685,17.419170073053305,2.356358766555786,0.9238970627024233
p257_284.wav,0,0.0,51763,23.661995697624523,15.167892520553655,23.686921672149236,2.8588130474090576,0.9789503464354752
p257_285.wav,0,0.0,23214,19.771060653230176,7.578254534679317,19.733114692119713,2.7554638385772705,0.9079790165222664
p257_286.wav,0,0.0,39809,22.245271031078424,14.022190013447856,22.234445172172723,2.781555414199829,0.971018409056142
p257_287.wav,0,0.0,30277,20.26121563216681,8.818366611605065,20.227651474431028,2.523275375366211,0.9854138771048727
p257_288.wav,0,0.0,45280,19.223527203541174,8.65551147113701,19.20177949558918,1.4907586574554443,0.8230868301304248
p257_289.wav,0,0.0,46880,19.784196073151453,9.126914137928809,19.761919964094883,2.5408620834350586,0.9052156571134344
p257_290.wav,0,0.0,37455,15.116916481731996,7.361049593259345,15.00544636110245,1.7923526763916016,0.9108648086813191
p257_291.wav,0,0.0,27200,16.949646247814922,4.303105105278238,16.86170549677575,1.787224292755127,0.7314572370290813
p257_292.wav,0,0.0,46833,20.64009606960918,13.614386550961392,20.603981096871497,3.115387439727783,0.9640055987987617
p257_293.wav,0,0.0,37588,17.322147653792964,6.631129448413396,17.27118797552636,2.111051559448242,0.8442208298911029
p257_294.wav,0,0.0,31963,18.941754892584193,8.791408688800539,18.899522792363786,2.211153984069824,0.9393553249037567
p257_295.wav,0,0.0,27162,15.615460814172808,5.736449018358931,15.528180431837269,1.9744408130645752,0.8961500492020584
p257_296.wav,0,0.0,48904,21.662228675075298,12.202647953296458,21.6376002303611,3.2811689376831055,0.9620091145333493
p257_297.wav,0,0.0,53483,19.32813095612608,11.41552048177151,19.277248188873312,3.0533244609832764,0.9833625720918336
p257_298.wav,0,0.0,41733,17.8362373287902,9.26078432143849,17.76843009011992,2.5519158840179443,0.9044693732541452
p257_299.wav,0,0.0,48282,22.41482241986025,14.07556667617857,22.399555877288847,1.7588555812835693,0.9669613668016375
p257_300.wav,0,0.0,26651,19.079103855869427,7.9665650262679275,19.042897882886766,2.8963801860809326,0.8789234300926934
p257_301.wav,0,0.0,41692,19.65417365972706,8.271876019925152,19.60732931537581,2.5753657817840576,0.8699552913853132
p257_302.wav,0,0.0,36879,18.74962301021038,6.240275423968392,18.702747509530152,2.3376619815826416,0.9814595112802778
p257_303.wav,0,0.0,32127,14.68763623921214,7.196390348848547,14.5377102151525,2.0789976119995117,0.8667318236111874
p257_304.wav,0,0.0,27882,18.611030565507704,9.281055718270716,18.555920754365065,3.9505629539489746,0.9673437247586393
p257_305.wav,0,0.0,30284,21.468496889749396,11.602147435482975,21.440006677006252,1.9907938241958618,0.9300640069163428
p257_306.wav,0,0.0,26660,14.40880153032637,8.201747299977862,14.248721817016447,2.624323844909668,0.9804930576152876
p257_307.wav,0,0.0,50121,19.99707578691274,11.075962453268358,19.95615559685192,2.2098567485809326,0.965344323287602
p257_308.wav,0,0.0,37202,20.657598502506943,12.520016713251009,20.630230505749783,2.342060089111328,0.9379863040664602
p257_309.wav,0,0.0,27367,19.693456220164016,6.927277170597037,19.673884187505944,2.3045005798339844,0.9314023458258948
p257_310.wav,0,0.0,25068,15.04046401346508,5.691603002615786,14.944165428679298,1.3312900066375732,0.8487821315011933
p257_311.wav,0,0.0,40928,14.948354496089868,6.474097067940339,14.807492832827496,1.7176403999328613,0.8768599560239598
p257_312.wav,0,0.0,27447,21.218296246181726,10.683702015671408,21.19577063360065,1.9199059009552002,0.9339857443057186
p257_313.wav,0,0.0,39019,19.40104903611814,8.350542857396679,19.351012631234894,1.5730236768722534,0.9079792540084431
p257_314.wav,0,0.0,52058,15.562034496799871,9.161211579030837,15.440927433469566,2.025230646133423,0.9253582041545066
p257_315.wav,0,0.0,26691,14.5200896544139,4.730703255302179,14.377776179469295,1.5042505264282227,0.818640127852919
p257_316.wav,0,0.0,29369,20.40766693540094,9.81484745681792,20.39037254211673,3.2898669242858887,0.9821054565034143
p257_317.wav,0,0.0,28001,19.67632322030007,9.79215714584019,19.650278814806875,2.8700053691864014,0.9920202829469564
p257_318.wav,0,0.0,38080,21.009249980752642,10.379605751391408,20.981332165078257,2.2873384952545166,0.9290943790437367
p257_319.wav,0,0.0,47266,20.20509065374824,13.585376872832244,20.177138097595485,2.307081699371338,0.9318300003578883
p257_320.wav,0,0.0,45181,20.505121394999453,14.56084423220403,20.47843757851037,3.589738130569458,0.9625420935895357
p257_321.wav,0,0.0,31285,21.221713586226475,11.423134964317525,21.1916317706024,2.663560152053833,0.9243359206297751
p257_322.wav,0,0.0,29096,19.757331170004655,7.126610139011932,19.722246237586408,2.243333101272583,0.9559409841758699
p257_323.wav,0,0.0,27808,16.840623984076664,7.480756914509163,16.753303761251786,2.098132610321045,0.8543387646323038
p257_324.wav,0,0.0,56329,22.243223821992046,15.282116730501885,22.22995695208844,4.049327373504639,0.9892805621076798
p257_325.wav,0,0.0,32537,17.229801293856834,7.032414359432583,17.18420714785144,2.9667460918426514,0.9852010003620013
p257_326.wav,0,0.0,27787,17.998523742722583,8.009023239472537,17.931432197988688,2.505793571472168,0.971089394563513
p257_327.wav,0,0.0,25474,17.327229020057082,7.337826709439024,17.249139749345165,2.0595757961273193,0.9239218522891361
p257_328.wav,0,0.0,23227,20.694881510898337,10.689706128563522,20.72327843947573,2.7788469791412354,0.8335275154454311
p257_329.wav,0,0.0,25184,17.816580555319117,7.902135394290793,17.75261032207837,2.169517993927002,0.9070567576261497
p257_330.wav,0,0.0,42380,18.072649474843814,11.084573429378317,18.007573584139006,2.8867485523223877,0.9554141450975476
p257_331.wav,0,0.0,33224,12.033177537517453,4.143577237734169,11.753016073796323,1.459115982055664,0.879224619033879
p257_332.wav,0,0.0,45350,20.866871202868854,12.516107770415049,20.839083658572278,2.3482582569122314,0.9649266697060236
p257_333.wav,0,0.0,36970,19.77295050083333,9.875080526738618,19.72955903650852,2.4824421405792236,0.9795075417815045
p257_334.wav,0,0.0,40305,14.303417840140009,6.279167901878926,14.250803132116621,1.886871337890625,0.806012487627353
p257_335.wav,0,0.0,25316,14.977104391761468,6.92867250358151,14.857070532278698,1.9215788841247559,0.8457972812923665
p257_336.wav,0,0.0,51068,23.828916028746722,13.455032516387535,23.828547822244474,2.3179023265838623,0.988206817497127
p257_337.wav,0,0.0,33754,17.540452600649058,7.543887732808211,17.4702633980028,2.288052558898926,0.9039134086834827
p257_338.wav,0,0.0,42392,19.670402799613502,11.091471415700603,19.632903590318744,2.6534669399261475,0.9211540513261891
p257_339.wav,0,0.0,52382,19.35286817771302,11.171441777360183,19.305171866221162,2.793665647506714,0.9761421046595854
p257_340.wav,0,0.0,29635,20.77392856820097,11.031281844804898,20.73748131096156,2.9022204875946045,0.9769774351796657
p257_341.wav,0,0.0,38503,20.79314409031693,11.466704213996174,20.761944055711318,2.1210806369781494,0.9654456697228438
p257_342.wav,0,0.0,31960,19.819477901789803,9.415063275715031,19.78614534574586,2.2916579246520996,0.9437096980768145
p257_343.wav,0,0.0,47743,17.045710058891366,8.991700565262242,16.95974155639732,2.2119178771972656,0.9393842934754442
p257_344.wav,0,0.0,30380,21.98280679478237,13.967819626243234,21.956987230334576,3.3330953121185303,0.9357398697740441
p257_345.wav,0,0.0,46966,18.79120022411762,12.368343925014115,18.74619108488959,3.7183732986450195,0.9741042635081251
p257_346.wav,0,0.0,35569,20.84721715037762,11.266772824155343,20.828456633383027,2.777327299118042,0.9467493581114386
p257_347.wav,0,0.0,48893,18.175620793191122,10.059681339154833,18.11850872229536,2.347979784011841,0.9553197928958777
p257_348.wav,0,0.0,32677,20.346653448671752,10.05253859579068,20.30946953830619,2.6722018718719482,0.9378997987603488
p257_349.wav,0,0.0,42046,19.427560018866178,10.44705219810898,19.40542993655547,2.1676480770111084,0.9445781648881527
p257_350.wav,0,0.0,44415,16.1081980412763,9.415678355509195,16.019969339340744,1.769998550415039,0.9429548616620649
p257_351.wav,0,0.0,45042,11.68728750095953,6.791190201400127,11.4939665676157,1.4921902418136597,0.8952617246186846
p257_352.wav,0,0.0,33830,20.736010523772144,10.887135841439866,20.703434758460766,3.1212472915649414,0.9382028554222591
p257_353.wav,0,0.0,26258,17.623058405978536,7.857572572339683,17.55340386975639,2.5808773040771484,0.8912919146634057
p257_354.wav,0,0.0,32813,16.109449685727427,5.909530180493187,16.00988257547105,1.9278018474578857,0.8758900971359178
p257_355.wav,0,0.0,31232,12.941412042596902,6.141055623321067,12.769041460769516,1.9212778806686401,0.9168998607994294
p257_356.wav,0,0.0,34995,22.409303501602697,13.56744853954919,22.385364075447264,2.1922459602355957,0.9814943370327065
p257_357.wav,0,0.0,34346,20.786022752408915,11.155279728763533,20.763383133439987,3.1775591373443604,0.9913308378740127
p257_358.wav,0,0.0,57537,20.211102662807118,13.92182464888896,20.173991398967708,3.063317060470581,0.9549593523969068
p257_359.wav,0,0.0,40212,17.982901110707296,9.298206270616355,17.91873043669804,2.344804286956787,0.9689556809397545
p257_360.wav,0,0.0,45131,20.85011659080771,13.867976152160717,20.823153283839147,3.064998149871826,0.9885499690266474
p257_361.wav,0,0.0,23188,20.922275871632312,8.613404819301776,20.891310050510686,2.423267364501953,0.9727689895859571
p257_362.wav,0,0.0,30152,18.90517970907255,7.304987297740108,18.855799716763407,1.6164413690567017,0.9128636394479126
p257_363.wav,0,0.0,33230,18.014899631285882,6.907173526751765,17.97392436182443,1.9603352546691895,0.8768267580390773
p257_364.wav,0,0.0,50954,19.657838326881937,14.7530276840283,19.622349531625684,3.7438182830810547,0.9627139264823645
p257_365.wav,0,0.0,33585,19.381469506820267,10.388120838123312,19.33267048310113,3.044257402420044,0.9546292704643412
p257_366.wav,0,0.0,53843,20.699554498150484,13.405184018939488,20.669816558607618,3.314079523086548,0.9858036675725526
p257_367.wav,0,0.0,51910,17.36404953546989,9.486247879033991,17.284753841057285,2.19854474067688,0.9867937832957624
p257_368.wav,0,0.0,33574,19.87015557023556,10.025708158205504,19.83185148961703,2.8088438510894775,0.9366928586740629
p257_369.wav,0,0.0,36553,21.253436352228093,9.799259822638232,21.22684288338894,2.890887498855591,0.952067555059414
p257_370.wav,0,0.0,35463,16.870113563696332,7.322261312624679,16.811985566254112,2.1468629837036133,0.9188601034314094
p257_371.wav,0,0.0,26230,16.249457067730987,7.8513959823297705,16.146502897250567,1.6921935081481934,0.9121412144863934
p257_372.wav,0,0.0,32160,20.90454456503316,12.085536265029898,20.871731297061938,2.5511817932128906,0.9900429188118158
p257_373.wav,0,0.0,22611,18.4676661469856,10.555074956560823,18.406028330508427,2.6341230869293213,0.9666730604108043
p257_374.wav,0,0.0,41300,20.053579565595165,10.109991066776832,20.013311273896424,2.60373854637146,0.9598495317526932
p257_375.wav,0,0.0,46319,11.85984873901391,5.71965509317086,11.602776584352355,1.233135461807251,0.8407945749280699
p257_376.wav,0,0.0,36320,15.153088708019427,9.385023836533042,15.023756082555549,2.672165632247925,0.8882626643990359
p257_377.wav,0,0.0,43026,21.579074269560692,12.714721771720445,21.553604416231412,3.080594062805176,0.9382126149595552
p257_378.wav,0,0.0,27520,16.99716359212372,5.749433560319203,16.909916050747007,1.9775559902191162,0.8040062181523716
p257_379.wav,0,0.0,56297,18.288395444627007,10.617836489741718,18.225411740844446,2.177231550216675,0.9425041066115555
p257_380.wav,0,0.0,35543,20.73117950326649,13.005972716011756,20.702687324475963,2.5812273025512695,0.990878498990229
p257_381.wav,0,0.0,48595,19.98160617559909,10.70886145678346,19.959038962217313,2.6425538063049316,0.9253649013962078
p257_382.wav,0,0.0,30089,16.752868247331342,6.5587473807033625,16.66137648710736,2.041316509246826,0.9269649231316629
p257_383.wav,0,0.0,54994,18.878970932846524,9.902805148382601,18.835643519540582,2.287280797958374,0.9655056365611949
p257_384.wav,0,0.0,44480,22.41408020908317,13.314139954293157,22.403567848876623,3.3578271865844727,0.9569057308403732
p257_385.wav,0,0.0,35436,15.801100644360137,7.527027694171134,15.699203267701831,2.9760076999664307,0.9180857919680184
p257_386.wav,0,0.0,34866,20.45519946613583,10.157316168377935,20.418088445859254,2.606285572052002,0.9701282687057895
p257_387.wav,0,0.0,22940,17.535580866468433,6.349885716206691,17.468784793679113,2.1349337100982666,0.893799639422545
p257_388.wav,0,0.0,26937,20.73547902848571,9.51158970794194,20.71565802663482,2.513103723526001,0.9524332388306596
p257_389.wav,0,0.0,53758,18.704754762820826,11.163176838899199,18.650320647732705,2.47375226020813,0.95954447421854
p257_390.wav,0,0.0,24596,16.5902339235368,7.40831482093722,16.49716978119444,2.107720136642456,0.9456001130830923
p257_391.wav,0,0.0,36918,14.48926080679974,7.232955064658554,14.332692819792822,1.5938818454742432,0.88079194493363
p257_392.wav,0,0.0,38992,20.132409237508448,11.327606316073602,20.097540288297957,2.6187572479248047,0.9488838366533932
p257_393.wav,0,0.0,37569,17.128810992889964,9.271203804932494,17.06281610089954,2.5602526664733887,0.9395834498618473
p257_394.wav,0,0.0,46124,19.160674476884243,10.046267233111525,19.109164602051376,2.519063949584961,0.9750209001696271
p257_395.wav,0,0.0,37548,14.651108058643214,6.811307307607604,14.501617222767177,1.8554072380065918,0.9395196129205408
p257_396.wav,0,0.0,27582,21.204963988733113,12.808262110630809,21.174413879460268,3.240370273590088,0.9521398843596448
p257_397.wav,0,0.0,30076,20.78488366782734,10.284266763829146,20.751904783163372,2.5340538024902344,0.9227735633981672
p257_398.wav,0,0.0,25282,20.58073697123099,10.481103090721634,20.54599718049697,2.0457262992858887,0.8838901875793995
p257_399.wav,0,0.0,44559,19.01116847146159,10.476295665990104,18.956557574442968,2.306506395339966,0.973002284337849
p257_400.wav,0,0.0,30473,22.38106597370826,12.422896700504213,22.35744754403239,2.652421712875366,0.8829901755171602
p257_401.wav,0,0.0,28384,18.21897577502146,7.5149822545857194,18.156982818153022,1.4937968254089355,0.9280421362078584
p257_402.wav,0,0.0,48022,19.946732099611587,11.487241820577852,19.907904444438618,2.933849573135376,0.9885823625550322
p257_403.wav,0,0.0,33952,18.911379887366444,8.873373507728875,18.861746471560018,2.2932941913604736,0.9357214929608132
p257_404.wav,0,0.0,38560,20.31621661503239,10.900057740328275,20.278134154748773,3.317178964614868,0.9005955611503385
p257_405.wav,0,0.0,32843,18.40465155338371,8.390138921528514,18.362638362412664,2.2482705116271973,0.9023609077171324
p257_406.wav,0,0.0,44803,19.354382014719278,12.377875640871311,19.30517087881246,3.363971710205078,0.9871213228135542
p257_407.wav,0,0.0,40298,19.098175793054253,11.530325943424598,19.048959415316375,2.4996862411499023,0.9739792478371678
p257_408.wav,0,0.0,38075,19.645933716897936,10.100366889597955,19.598791142297042,2.028597354888916,0.93696096316936
p257_409.wav,0,0.0,30109,19.668488578398183,6.683531151963213,19.631123955098474,2.214014768600464,0.9522210858220874
p257_410.wav,0,0.0,57299,19.06437219960226,10.572927197182679,19.04086743136739,2.228436231613159,0.9621191043972582
p257_411.wav,0,0.0,50735,15.073977671734305,9.150978527495166,14.950051155810439,2.2376463413238525,0.9278332117907028
p257_412.wav,0,0.0,30505,21.695116036391283,10.28598994417181,21.675434181420187,2.642148494720459,0.9575388377429538
p257_413.wav,0,0.0,32574,18.73432213577648,9.972706360186525,18.67615583151503,2.3851308822631836,0.9366466960478561
p257_414.wav,0,0.0,29551,17.081934086900077,8.437088066133969,17.009337258721448,2.705402135848999,0.9420901707020338
p257_415.wav,0,0.0,31637,15.066562184676018,6.056169586895018,14.957342847767162,1.9115431308746338,0.8765570642377368
p257_416.wav,0,0.0,34918,23.399847658623194,13.779536829020003,23.391662502366465,3.586989402770996,0.9828180972404743
p257_417.wav,0,0.0,26572,24.689053174004876,11.551721549246599,24.685044945093647,2.949453115463257,0.9932727005861942
p257_418.wav,0,0.0,42995,21.20709318025415,12.16929633631243,21.18021450948156,2.053812026977539,0.941305712209477
p257_419.wav,0,0.0,36857,18.88042623007513,9.658798887182387,18.83019259708835,2.5549583435058594,0.9357083631434846
p257_420.wav,0,0.0,25780,21.019116428088434,9.392509857089467,20.989151197414984,2.594827651977539,0.9783353694662618
p257_421.wav,0,0.0,25369,19.45953410407327,9.241199914767675,19.41127617149397,2.59619402885437,0.8512554407550041
p257_422.wav,0,0.0,49089,16.3662458224664,9.745021651943533,16.265038723159567,2.1081366539001465,0.9068969376487741
p257_423.wav,0,0.0,31244,18.085934828947273,7.650764191340038,18.02040693318756,1.7658472061157227,0.9144362175587931
p257_424.wav,0,0.0,54966,22.463521049308145,13.820816874365915,22.450732439311793,2.2533304691314697,0.9895687316638806
p257_425.wav,0,0.0,25981,16.558324563773606,6.323710434461788,16.461836926699768,2.5043106079101562,0.9207156680685914
p257_426.wav,0,0.0,36770,15.221033844581871,7.181899873875804,15.178694824801774,1.999269723892212,0.8944935769311856
p257_427.wav,0,0.0,30793,10.962422389654094,4.15859831986393,10.678188887926726,1.2115846872329712,0.738087131864033
p257_428.wav,0,0.0,38873,19.284960928720015,11.049698795859708,19.23574019402687,2.8249497413635254,0.9569586686179027
p257_429.wav,0,0.0,22249,16.529379600461983,8.013426273658407,16.434181792319087,2.2834792137145996,0.8967500837145312
p257_430.wav,0,0.0,54644,16.029736694416727,9.414566705171424,15.920157809486415,2.5013175010681152,0.9216015654565058
p257_431.wav,0,0.0,38593,16.815536882481183,9.000917306823053,16.730700923016872,2.2210309505462646,0.9188601980556586
p257_432.wav,0,0.0,35360,18.473849105486988,6.87823748999254,18.422300251819355,2.4163284301757812,0.7760070539819609
p257_433.wav,0,0.0,36976,21.374700465194252,9.813831007053018,21.35109677463818,2.3577537536621094,0.9586310209948372
p257_434.wav,0,0.0,33342,19.15391217311117,7.998791610866119,19.106875124772607,2.3032407760620117,0.8329507744850979
